sample_id,mae_shoulder_pan,bias_shoulder_pan,mae_shoulder_lift,bias_shoulder_lift,mae_elbow_flex,bias_elbow_flex,mae_wrist_flex,bias_wrist_flex,mae_wrist_roll,bias_wrist_roll,mae_gripper,bias_gripper,mae_all
sample_000000,0.726823091506958,0.5595267415046692,0.3041943311691284,0.3041943311691284,0.22635293006896973,0.21735629439353943,0.13994315266609192,-0.08573360741138458,0.1823727786540985,-0.1823727786540985,0.12682241201400757,0.05530247092247009,0.28441813588142395
sample_000001,0.42169785499572754,0.011788621544837952,0.5037174820899963,0.49148857593536377,0.4654524624347687,-0.07147178798913956,1.0645672082901,1.0582208633422852,0.22872477769851685,-0.22872477769851685,0.5837909579277039,-0.5837909579277039,0.5446584224700928
sample_000002,0.8557420969009399,0.8557420969009399,0.8855131268501282,0.8855131268501282,0.5593807697296143,0.5593807697296143,0.5586223602294922,0.5586223602294922,0.15473756194114685,-0.15473756194114685,0.926162838935852,-0.7272673845291138,0.6566931009292603
sample_000003,1.1622555255889893,1.138843297958374,0.8842865228652954,0.8842865228652954,0.3706757426261902,0.33544570207595825,0.7503507733345032,0.7503507733345032,0.24656452238559723,-0.19606174528598785,0.7690098285675049,-0.6998651027679443,0.697190523147583
sample_000004,1.1436073780059814,1.0974268913269043,0.3784584403038025,-0.1560782790184021,0.14568188786506653,0.14568188786506653,0.6275546550750732,-0.5461907982826233,0.19137868285179138,-0.19137868285179138,0.5173607468605042,0.1254463791847229,0.5006735920906067
sample_000005,1.1977089643478394,0.239257350564003,0.4103222191333771,-0.40777796506881714,0.12536504864692688,0.010536804795265198,0.7231796979904175,-0.7231796979904175,0.14068548381328583,-0.14068548381328583,0.49825090169906616,0.49825090169906616,0.5159187316894531
sample_000006,0.6825708150863647,-0.6825708150863647,0.34405601024627686,0.34405601024627686,0.24152091145515442,0.24152091145515442,0.27625998854637146,-0.27574145793914795,0.11792497336864471,-0.0756663978099823,0.35495856404304504,-0.2286136895418167,0.3362152576446533
sample_000007,0.39057672023773193,0.39057672023773193,0.4661795198917389,0.31928035616874695,0.2123175710439682,0.09543846547603607,0.44128620624542236,0.35313862562179565,0.09247072041034698,-0.059232622385025024,0.6169811487197876,-0.2994113862514496,0.3699686527252197
sample_000008,0.14206230640411377,0.13951252400875092,0.10757730156183243,-0.10757730156183243,0.0861668512225151,-0.0861668512225151,0.08494925498962402,-0.08494925498962402,0.03282799571752548,0.03111342340707779,0.04254761338233948,0.0022111032158136368,0.08268854767084122
sample_000009,0.4399755001068115,0.3569481670856476,0.845797061920166,0.845797061920166,0.4691520631313324,0.4691520631313324,0.6033333539962769,0.6033333539962769,0.2197238653898239,-0.20235829055309296,0.8860385417938232,-0.7603099346160889,0.5773367285728455
sample_000010,1.4900760650634766,1.4900760650634766,0.18256913125514984,0.06648700684309006,0.21184563636779785,0.13080959022045135,0.44184422492980957,-0.44184422492980957,0.2644340991973877,-0.2644340991973877,0.38879865407943726,-0.36003947257995605,0.49659463763237
sample_000011,1.7906073331832886,1.6546850204467773,0.15459485352039337,0.1337195634841919,0.1459636241197586,0.12503603100776672,0.36075398325920105,-0.36075398325920105,0.30031996965408325,-0.2837470471858978,0.5461400151252747,-0.5461400151252747,0.5497299432754517
sample_000012,0.4677266478538513,0.2922203242778778,0.316905677318573,0.05322820320725441,0.24842604994773865,0.03774702548980713,0.10467174649238586,0.07703609764575958,0.07120413333177567,0.06170683354139328,0.2179604470729828,0.05169078707695007,0.23781578242778778
sample_000013,0.4121434688568115,-0.4042586386203766,0.16691747307777405,0.07325606048107147,0.08920997381210327,0.03477763384580612,0.23408712446689606,-0.11605179309844971,0.1048811748623848,-0.0564178004860878,0.25960880517959595,0.007596246898174286,0.21114133298397064
sample_000014,1.1476542949676514,1.1476542949676514,1.1978247165679932,1.1978247165679932,0.795653223991394,0.7929765582084656,0.4511331021785736,0.4511331021785736,0.04591049998998642,-0.03381771594285965,0.6242178082466125,-0.5928384065628052,0.7103989720344543
sample_000015,1.1229379177093506,-1.114514708518982,0.8447147607803345,-0.8447147607803345,0.411085844039917,-0.411085844039917,0.8011905550956726,-0.7796028256416321,0.13785681128501892,0.1292710304260254,0.45461225509643555,0.311773419380188,0.6287329792976379
sample_000016,0.963007926940918,-0.963007926940918,0.5526577830314636,-0.5526577830314636,0.38363054394721985,-0.38363054394721985,0.24420501291751862,-0.08960066735744476,0.22328461706638336,0.22328461706638336,0.4040989875793457,0.4040989875793457,0.46181416511535645
sample_000017,0.15930089354515076,0.0055155400186777115,1.2302374839782715,1.2302374839782715,0.8691923022270203,0.8673077821731567,0.7083870768547058,0.7083870768547058,0.23117908835411072,0.23117908835411072,0.8149938583374023,-0.803178071975708,0.6688818335533142
sample_000018,0.5573153495788574,0.43302121758461,0.21884369850158691,-0.10730408877134323,0.21190764009952545,-0.1419219970703125,0.231756329536438,0.13095365464687347,0.19448554515838623,0.12004698067903519,0.24309255182743073,0.18566551804542542,0.2762335240840912
sample_000019,1.003432273864746,0.7352193593978882,0.5631992816925049,0.015295527875423431,0.29740405082702637,0.14316320419311523,0.4609612822532654,-0.08577090501785278,0.09208709001541138,-0.01477484405040741,0.4264727532863617,0.4264727532863617,0.4739260971546173
sample_000020,0.6389769315719604,0.5686836838722229,0.970138430595398,0.970138430595398,1.0402237176895142,1.0402237176895142,0.7086509466171265,0.21949152648448944,0.277651309967041,-0.277651309967041,0.5151398181915283,-0.5151398181915283,0.6917969584465027
sample_000021,0.3218604326248169,-0.30338382720947266,0.4460340142250061,0.3016481399536133,0.6587042808532715,0.6542525291442871,0.5115835666656494,-0.5115835666656494,0.12264084070920944,-0.06958555430173874,0.3064975142478943,-0.3064975142478943,0.39455342292785645
sample_000022,0.5364722013473511,0.5336571931838989,0.08911208808422089,-0.028413744643330574,0.06523936986923218,0.032059770077466965,0.26410871744155884,-0.21753403544425964,0.1638430953025818,-0.15191343426704407,0.1890643835067749,-0.1890643835067749,0.21797330677509308
sample_000023,1.7547672986984253,1.683158278465271,0.3148500323295593,0.18709009885787964,0.19749093055725098,0.12095040827989578,0.24841748178005219,0.2459326684474945,0.056766077876091,-0.04071216285228729,0.5473021268844604,0.5169525146484375,0.5199323296546936
sample_000024,1.7020976543426514,-1.6816089153289795,0.46134519577026367,-0.4505627155303955,0.4361594319343567,-0.4361594319343567,0.5002499222755432,0.5002499222755432,0.17487165331840515,0.17487165331840515,0.5038851499557495,0.5038851499557495,0.6297681927680969
sample_000025,0.1874401867389679,-0.15085431933403015,0.7914249897003174,0.7914249897003174,0.6343685388565063,0.6343685388565063,0.4067245125770569,0.3754557967185974,0.15422675013542175,-0.15422675013542175,0.23502928018569946,-0.024253472685813904,0.4015357196331024
sample_000026,0.5124082565307617,0.41890016198158264,0.18182924389839172,0.007445929571986198,0.17646098136901855,0.04000348597764969,0.13272011280059814,-0.09043344855308533,0.09254651516675949,-0.09150110930204391,0.19324460625648499,0.06764931976795197,0.21486826241016388
sample_000027,2.0670392513275146,-2.0670392513275146,0.1803755760192871,-0.010000242851674557,0.2297651320695877,-0.023138128221035004,0.37379616498947144,0.06985481083393097,0.06890540570020676,0.05998530238866806,0.4569702744483948,-0.3806690573692322,0.5628086924552917
sample_000028,0.8368912935256958,0.5838416218757629,0.13097615540027618,0.07872100919485092,0.18892796337604523,0.18892796337604523,0.3936203122138977,-0.3936203122138977,0.18912994861602783,-0.17264282703399658,0.525265634059906,0.12143363058567047,0.3774685561656952
sample_000029,0.8913958072662354,0.8913958072662354,1.4364733695983887,1.4364733695983887,1.0077247619628906,1.0077247619628906,0.8813948035240173,0.8813948035240173,0.17142662405967712,-0.17142662405967712,0.8606323599815369,-0.843145489692688,0.8748412132263184
sample_000030,1.6009535789489746,1.5760372877120972,0.5578552484512329,0.4897059202194214,0.35066458582878113,0.3503980338573456,0.450744092464447,0.450744092464447,0.1888667345046997,-0.1883040964603424,0.6185082197189331,0.1311321258544922,0.627932071685791
sample_000031,1.4818546772003174,1.4818546772003174,1.142390251159668,1.1376749277114868,0.5181931853294373,0.49219411611557007,0.8931974768638611,0.8931974768638611,0.43363386392593384,-0.43363386392593384,0.9446567893028259,-0.9212665557861328,0.9023210406303406
sample_000032,1.610076904296875,-1.610076904296875,0.4696536362171173,0.4696536362171173,0.22727784514427185,-0.22727784514427185,1.4621424674987793,1.4621424674987793,0.14380571246147156,-0.10528447479009628,0.37855643033981323,-0.35511937737464905,0.7152522206306458
sample_000033,1.0973118543624878,1.0370359420776367,1.1283074617385864,1.1283074617385864,0.5603952407836914,0.5603952407836914,1.085068941116333,1.085068941116333,0.4871455132961273,-0.4871455132961273,0.8499144911766052,-0.8484693765640259,0.8680238723754883
sample_000034,0.6835201382637024,-0.47469013929367065,0.0789429098367691,-0.008520105853676796,0.10215607285499573,-0.09541702270507812,0.09279163181781769,0.019114360213279724,0.05418170243501663,-0.03323765844106674,0.4444512128829956,-0.17691564559936523,0.24267394840717316
sample_000035,1.2696255445480347,1.2696255445480347,0.3244750201702118,-0.1922565996646881,0.15006470680236816,-0.018107246607542038,0.5981494188308716,-0.5981494188308716,0.2546325623989105,-0.2546325623989105,0.3927346467971802,-0.15936332941055298,0.4982803761959076
sample_000036,0.5489552617073059,-0.47220802307128906,0.5719426870346069,0.5719426870346069,0.12025722861289978,0.08913639932870865,0.9806007146835327,0.920097291469574,0.31590911746025085,-0.31590911746025085,0.44784659147262573,-0.44784659147262573,0.4975852966308594
sample_000037,2.00829815864563,-2.00829815864563,0.44030144810676575,0.44030144810676575,0.15740378201007843,0.15740378201007843,0.865036129951477,0.8122590780258179,0.19503597915172577,0.017925724387168884,0.38096553087234497,-0.38096553087234497,0.6745068430900574
sample_000038,1.2465633153915405,-1.0243254899978638,0.46568748354911804,-0.46568748354911804,0.2987576127052307,-0.26886212825775146,0.22713127732276917,0.11203224956989288,0.17488597333431244,0.12679187953472137,0.48435914516448975,0.3596033453941345,0.48289743065834045
sample_000039,0.6928248405456543,0.5594386458396912,1.0267717838287354,1.0267717838287354,0.4030742943286896,0.4030742943286896,0.845075786113739,0.845075786113739,0.22786614298820496,-0.22192075848579407,0.9436902403831482,-0.9436902403831482,0.6898838877677917
sample_000040,1.792887568473816,1.7115037441253662,0.5532287955284119,0.30981117486953735,0.2272033542394638,0.15774406492710114,0.5039330124855042,0.26185107231140137,0.23671802878379822,-0.23671802878379822,0.5972955226898193,0.2351510226726532,0.6518777012825012
sample_000041,1.3412806987762451,-1.3107225894927979,0.5181868076324463,-0.46698951721191406,0.3740631639957428,-0.2500617504119873,0.18908801674842834,0.06256157159805298,0.19755813479423523,0.19755813479423523,0.4457060992717743,0.4457060992717743,0.510980486869812
sample_000042,0.8479801416397095,0.8387637138366699,1.3342585563659668,1.3342585563659668,0.5159964561462402,0.5159964561462402,0.8573745489120483,0.8573745489120483,0.1059165969491005,0.1059165969491005,0.7863635420799255,-0.643288254737854,0.7413149476051331
sample_000043,0.8705986738204956,0.7402560114860535,0.16799446940422058,-0.14476704597473145,0.09715694934129715,0.015749020501971245,0.32207930088043213,-0.2698351740837097,0.0664292573928833,0.004649847745895386,0.4700573682785034,-0.46292585134506226,0.3323860466480255
sample_000044,0.8458656668663025,-0.8458656668663025,0.28836679458618164,-0.26907408237457275,0.17366372048854828,0.0006131455302238464,0.6247901916503906,-0.3711158335208893,0.06905100494623184,-0.05753811448812485,0.6110093593597412,0.6110093593597412,0.4354577958583832
sample_000045,0.09132430702447891,0.08830597251653671,0.2572801113128662,-0.2572801113128662,0.655183732509613,-0.655183732509613,0.8381975889205933,0.8381975889205933,0.10343898087739944,0.10343898087739944,0.20035120844841003,-0.061654672026634216,0.3576293885707855
sample_000046,0.20811478793621063,-0.20811478793621063,0.28765442967414856,0.2551664710044861,0.08010105788707733,0.05852561816573143,0.49900656938552856,0.4675760269165039,0.0996016263961792,0.04902677237987518,0.41973280906677246,-0.2717510759830475,0.26570188999176025
sample_000047,0.4319673180580139,0.4319673180580139,0.3880171775817871,0.3880171775817871,0.13242298364639282,-0.11765246093273163,0.799299955368042,0.799299955368042,0.15331502258777618,0.15131820738315582,0.9658567905426025,-0.9658567905426025,0.47847986221313477
sample_000048,1.8965831995010376,1.8686553239822388,0.30881935358047485,0.17210017144680023,0.43584418296813965,0.43584418296813965,0.7092040777206421,-0.7092040777206421,0.11748672276735306,-0.062234945595264435,0.6180473566055298,-0.5678672790527344,0.6809975504875183
sample_000049,0.8311715126037598,0.8311715126037598,0.8579734563827515,0.8118039965629578,0.2775146961212158,0.2489558756351471,1.0936052799224854,1.0936052799224854,0.3636263310909271,0.3636263310909271,0.7761353254318237,-0.3890959918498993,0.7000043988227844
sample_000050,1.1055753231048584,-1.1055753231048584,0.578321099281311,-0.578321099281311,0.27626076340675354,-0.27626076340675354,0.6949542760848999,-0.6949542760848999,0.20946159958839417,-0.20304250717163086,0.34102848172187805,-0.0811016857624054,0.5342669486999512
sample_000051,0.7782468795776367,0.6831235289573669,0.4574069380760193,-0.06916966289281845,0.37297266721725464,-0.07640288025140762,0.10372491180896759,-0.0023763757199048996,0.14845095574855804,-0.07095508277416229,0.17521460354328156,0.16529572010040283,0.3393361568450928
sample_000052,0.8064416646957397,0.8064416646957397,0.5319089889526367,0.5319089889526367,0.5748865604400635,0.5748865604400635,0.3959895372390747,0.3959895372390747,0.30848851799964905,-0.30848851799964905,0.217197448015213,0.1565435379743576,0.4724854528903961
sample_000053,1.439286708831787,1.439286708831787,0.20862174034118652,0.1840094029903412,0.6417580246925354,0.6417580246925354,0.60811448097229,-0.60811448097229,0.37060678005218506,-0.37060678005218506,0.5870980024337769,0.5870980024337769,0.6425809860229492
sample_000054,0.43166467547416687,0.3413393497467041,0.6351860165596008,0.5140627026557922,0.5105693936347961,0.38890400528907776,0.11307933926582336,0.017324209213256836,0.11796855181455612,-0.11625546962022781,0.8282760381698608,-0.7348117232322693,0.43945732712745667
sample_000055,0.48965057730674744,0.43079957365989685,1.2488796710968018,1.2488796710968018,0.9310227632522583,0.9310227632522583,0.4167734384536743,0.4167734384536743,0.17928756773471832,-0.17106355726718903,0.4693690240383148,-0.4467361867427826,0.6224971413612366
sample_000056,0.8171242475509644,-0.8171242475509644,0.6541600823402405,0.6541600823402405,0.6095112562179565,0.6095112562179565,0.23437079787254333,0.0910704955458641,0.150984987616539,-0.13860397040843964,0.3811159133911133,0.34878671169281006,0.4745445251464844
sample_000057,0.9450252652168274,0.9450252652168274,0.6743487119674683,0.6288774013519287,0.4644809365272522,0.44954556226730347,0.4060940444469452,0.3881009519100189,0.23516125977039337,-0.23516125977039337,1.211809515953064,-1.211809515953064,0.6561532616615295
sample_000058,0.11767634749412537,0.11057274043560028,0.17718106508255005,0.0047786906361579895,0.38718900084495544,0.3400997519493103,0.5803848505020142,-0.5651845335960388,0.1314634084701538,-0.1314634084701538,0.820172905921936,0.3913128972053528,0.369011253118515
sample_000059,0.9287546873092651,0.9287546873092651,0.2821647524833679,0.2821647524833679,0.5805458426475525,0.5805458426475525,0.32551413774490356,-0.32551413774490356,0.23210448026657104,-0.23210448026657104,0.6030459403991699,0.3527478873729706,0.4920216500759125
sample_000060,0.5380840301513672,-0.465989887714386,1.1028789281845093,1.1028789281845093,0.752633810043335,0.752633810043335,0.34584325551986694,0.34584325551986694,0.31097185611724854,-0.31097185611724854,0.254716157913208,-0.254716157913208,0.5508546233177185
sample_000061,0.22932320833206177,-0.22932320833206177,0.3432695269584656,-0.3432695269584656,0.184039905667305,-0.09471061825752258,0.2012213170528412,0.2012213170528412,0.09388865530490875,-0.08859646320343018,0.5312612652778625,-0.2869965136051178,0.2638339698314667
sample_000062,0.047797851264476776,-0.011103147640824318,0.6150246858596802,-0.6055924892425537,0.4680044651031494,-0.4573879539966583,0.31336885690689087,0.31336885690689087,0.12827478349208832,-0.10484562814235687,0.8837517499923706,-0.47591498494148254,0.40937039256095886
sample_000063,0.039328914135694504,-0.007639925926923752,0.25622642040252686,-0.23703143000602722,0.3158419728279114,-0.25699079036712646,0.16871434450149536,0.15562839806079865,0.11575283855199814,0.11410825699567795,0.21264004707336426,0.0715964213013649,0.1847507506608963
sample_000064,0.32924994826316833,-0.32924994826316833,0.7831882238388062,-0.7831882238388062,0.2825687527656555,-0.16839195787906647,0.2046811282634735,-0.01758168637752533,0.3492145538330078,-0.3492145538330078,0.16658154129981995,-0.14413481950759888,0.3525806963443756
sample_000065,0.14814305305480957,-0.01592077687382698,0.17040428519248962,0.16526907682418823,0.3549264073371887,0.3549264073371887,0.25078675150871277,-0.24946586787700653,0.3016395568847656,-0.3016395568847656,0.79558926820755,0.79558926820755,0.33691486716270447
sample_000066,0.5824506282806396,0.5086061954498291,0.2912612557411194,0.06272464990615845,0.3113313913345337,0.12355442345142365,0.2517232298851013,-0.20247748494148254,0.26791542768478394,-0.038637466728687286,0.5226476192474365,-0.1981733739376068,0.3712216317653656
sample_000067,0.3294758200645447,0.3294758200645447,0.23131436109542847,0.20571269094944,0.42976683378219604,0.42976683378219604,0.10622789710760117,0.07762323319911957,0.17579936981201172,-0.17579936981201172,0.47240203619003296,-0.08624349534511566,0.2908310294151306
sample_000068,0.10042820870876312,0.058543816208839417,0.5290514826774597,0.3753372132778168,0.8308954834938049,0.8040165305137634,0.3252619504928589,-0.27800464630126953,0.11278758943080902,-0.07254940271377563,0.4618128538131714,-0.4618128538131714,0.39337292313575745
sample_000069,0.6309359669685364,-0.24047625064849854,1.3396780490875244,1.3124420642852783,1.3564138412475586,1.314669132232666,0.19309985637664795,-0.18501585721969604,0.0962681919336319,0.07242374122142792,0.19195815920829773,-0.08103886246681213,0.6347256302833557
sample_000070,0.23769080638885498,-0.17742571234703064,0.5479062795639038,0.46746084094047546,0.5734069347381592,0.4519997835159302,0.1278374195098877,-0.1135658249258995,0.12134567648172379,0.03912479430437088,0.12724179029464722,0.02946074865758419,0.2892381548881531
sample_000071,0.8162941336631775,0.540199875831604,1.1125032901763916,1.0973308086395264,0.853102445602417,0.853102445602417,0.4214007258415222,0.4214007258415222,0.16142776608467102,-0.07551480084657669,0.8654670119285583,-0.8654670119285583,0.7050325870513916
sample_000072,0.9128939509391785,0.8572050333023071,0.5839215517044067,0.247886061668396,0.5271337032318115,0.21801573038101196,0.05530095845460892,-0.00531158410012722,0.1134675070643425,-0.11038673669099808,0.16210953891277313,0.06962824612855911,0.39247119426727295
sample_000073,0.4090595841407776,0.4090595841407776,1.3109216690063477,1.3109216690063477,2.019719123840332,2.019719123840332,0.8675822615623474,-0.8675822615623474,0.20678114891052246,-0.17757132649421692,0.50141841173172,0.50141841173172,0.8859136700630188
sample_000074,0.4109307527542114,-0.4109307527542114,1.1598079204559326,1.1598079204559326,1.432363748550415,1.432363748550415,0.21296271681785583,-0.21296271681785583,0.07122314721345901,-0.01663484424352646,0.7322245240211487,-0.6734864711761475,0.6699188351631165
sample_000075,0.484432578086853,0.2616029977798462,1.462388515472412,1.462388515472412,1.2374268770217896,1.2374268770217896,0.42301395535469055,0.42301395535469055,0.20176410675048828,-0.19521859288215637,1.2157514095306396,-1.2157514095306396,0.8374629020690918
sample_000076,0.9119634628295898,0.8797265291213989,2.009413242340088,2.009413242340088,2.1369221210479736,2.1369221210479736,0.08832794427871704,-0.08832794427871704,0.2128620743751526,-0.2077043056488037,0.24612975120544434,-0.20896944403648376,0.9342697262763977
sample_000077,0.16014738380908966,0.11668999493122101,0.6806241273880005,0.6806241273880005,1.23063325881958,1.23063325881958,0.8062418699264526,-0.8062418699264526,0.26931244134902954,-0.26931244134902954,0.30644309520721436,0.09045321494340897,0.5755670070648193
sample_000078,0.26974818110466003,-0.26974818110466003,0.6265919208526611,0.6265919208526611,0.7530056238174438,0.7530056238174438,0.44997650384902954,0.2412247657775879,0.17578107118606567,-0.03529445827007294,0.5412384271621704,-0.33436524868011475,0.46939030289649963
sample_000079,0.39449700713157654,0.39449700713157654,0.7557570934295654,0.7557570934295654,0.8089010715484619,0.8089010715484619,0.40096592903137207,0.3190186023712158,0.19444477558135986,-0.15947195887565613,0.19487997889518738,-0.18887776136398315,0.45824098587036133
sample_000080,0.4767928421497345,-0.05751079320907593,1.3286125659942627,1.3286125659942627,1.1666994094848633,1.1666994094848633,0.34682953357696533,0.34682953357696533,0.2608107924461365,-0.2608107924461365,0.4978841245174408,-0.4378401041030884,0.6796048283576965
sample_000081,0.7241406440734863,-0.7241406440734863,0.2800408601760864,-0.17314137518405914,0.12736213207244873,-0.07079628109931946,0.23673135042190552,0.0209742933511734,0.16693006455898285,0.11264877021312714,0.2945605516433716,0.1992599070072174,0.3049609363079071
sample_000082,0.14007511734962463,0.13066184520721436,0.6545025110244751,0.6220877170562744,0.258242666721344,0.258242666721344,0.6470705270767212,0.5706295371055603,0.2745770514011383,-0.2602187395095825,0.7913450598716736,-0.7913450598716736,0.46096885204315186
sample_000083,1.4754749536514282,1.4754749536514282,0.36145636439323425,0.3523784875869751,0.23119652271270752,0.23119652271270752,0.36987149715423584,0.34803181886672974,0.298204243183136,-0.298204243183136,0.788058876991272,-0.6801490783691406,0.5873770713806152
sample_000084,0.9777829647064209,0.7844931483268738,0.6865184307098389,0.6865184307098389,0.3857320249080658,0.3664173185825348,0.6997544765472412,0.6997544765472412,0.4063107371330261,-0.3965713679790497,0.7226609587669373,-0.686958909034729,0.6464599967002869
sample_000085,0.44861721992492676,0.15108343958854675,0.22170349955558777,-0.22170349955558777,0.14904402196407318,-0.14904402196407318,0.16262680292129517,-0.06846924126148224,0.09039914608001709,-0.08040831983089447,0.09046527743339539,0.09046527743339539,0.19380934536457062
sample_000086,0.45341265201568604,0.4161302149295807,0.0647471472620964,-0.054269008338451385,0.07743489742279053,-0.07145175337791443,0.05411476641893387,-0.04108358919620514,0.175432950258255,-0.175432950258255,0.0686737596988678,-0.02817694842815399,0.148969367146492
sample_000087,0.3664582371711731,0.175171360373497,0.1558358520269394,-0.1558358520269394,0.1648212969303131,-0.16235020756721497,0.07026712596416473,-0.0005777515470981598,0.1155359074473381,0.11211373656988144,0.15350550413131714,0.02056143805384636,0.1710706502199173
sample_000088,0.9364858269691467,0.9121012687683105,0.6987794637680054,0.6987794637680054,0.2941783666610718,0.28082799911499023,0.690475344657898,0.625566840171814,0.45027846097946167,-0.45027846097946167,0.5761845111846924,-0.5464448928833008,0.6077303290367126
sample_000089,2.080118179321289,2.0664010047912598,0.7491539120674133,0.6924412250518799,0.4866277575492859,0.28016889095306396,0.5160009860992432,0.5160009860992432,0.5598413348197937,-0.5598413348197937,0.2265627682209015,-0.055349498987197876,0.7697175145149231
sample_000090,0.7390267848968506,0.4775281548500061,0.5209810733795166,0.3560512065887451,0.33827441930770874,0.22175833582878113,0.3394356966018677,0.26859593391418457,0.3000069260597229,-0.3000069260597229,0.3895187973976135,-0.28963664174079895,0.4378739297389984
sample_000091,0.33093446493148804,-0.3037671446800232,0.09028232097625732,-0.06380751729011536,0.40608054399490356,0.32288163900375366,0.7515419721603394,-0.7316559553146362,0.13263478875160217,-0.07180143892765045,0.24670617282390594,0.11959412693977356,0.32636338472366333
sample_000092,0.27642661333084106,0.03201515972614288,0.35460954904556274,0.22541427612304688,0.5946481227874756,0.305353581905365,0.5848543643951416,-0.43231266736984253,0.20370164513587952,-0.09381701797246933,0.30627790093421936,0.16691941022872925,0.38675299286842346
sample_000093,0.3415911793708801,0.2794199287891388,0.5386162996292114,0.49273407459259033,0.48931849002838135,0.48931849002838135,0.17106084525585175,-0.07143347710371017,0.05394534766674042,0.025580748915672302,0.45692533254623413,-0.02102544717490673,0.34190961718559265
sample_000094,1.183824062347412,1.183824062347412,0.7834067344665527,-0.7834067344665527,0.37267953157424927,-0.28017666935920715,0.5659326910972595,-0.5659326910972595,0.18017464876174927,-0.18017464876174927,0.32636451721191406,0.31345105171203613,0.568730354309082
sample_000095,0.29820895195007324,0.29820895195007324,0.06779207289218903,-0.04544983431696892,0.12442426383495331,-0.0982423946261406,0.13914060592651367,-0.06289803236722946,0.1568491905927658,-0.1568491905927658,0.4784969091415405,-0.3727654814720154,0.21081864833831787
sample_000096,1.0230706930160522,1.0230706930160522,0.48477959632873535,0.48477959632873535,0.20692619681358337,0.20692619681358337,0.5291914939880371,0.19529423117637634,0.08120061457157135,-0.06149427592754364,0.2924335300922394,-0.2924335300922394,0.43626701831817627
sample_000097,0.5012378692626953,0.3852611780166626,0.6604815721511841,0.6604815721511841,0.18656130135059357,0.062244754284620285,0.705249547958374,0.705249547958374,0.07402229309082031,-0.07402229309082031,0.898718535900116,-0.898718535900116,0.5043784976005554
sample_000098,0.14722056686878204,0.09293919056653976,0.34302982687950134,-0.34302982687950134,0.33140844106674194,-0.33140844106674194,0.04379130154848099,-0.01052009966224432,0.1014270931482315,-0.0940154492855072,0.17142432928085327,-0.054660454392433167,0.18971692025661469
sample_000099,0.2637277841567993,0.26291292905807495,0.6650547981262207,0.6650547981262207,0.5430411100387573,0.5430411100387573,0.24662259221076965,0.1536908894777298,0.15673522651195526,0.08175846934318542,0.45844435691833496,-0.4537143111228943,0.3889376223087311
sample_000100,0.3217519521713257,0.3217519521713257,0.6176677942276001,0.6176677942276001,0.5193029642105103,0.5193029642105103,0.08148104697465897,0.03418385237455368,0.08290940523147583,0.05709964036941528,0.7432255744934082,-0.7432255744934082,0.3943897783756256
sample_000101,1.3353893756866455,1.3353893756866455,0.3504531979560852,0.3504531979560852,0.06070816516876221,-0.009243732318282127,0.41845089197158813,0.41845089197158813,0.12790870666503906,-0.04838249832391739,0.3883635699748993,-0.2936233580112457,0.44687893986701965
sample_000102,0.5366881489753723,-0.5366881489753723,0.256202757358551,-0.24777331948280334,0.4311520755290985,-0.40609243512153625,0.18761329352855682,-0.1692551076412201,0.18884098529815674,0.18883991241455078,0.7379279732704163,0.5240166783332825,0.3897375166416168
sample_000103,0.20203015208244324,0.20203015208244324,1.4035186767578125,-1.4035186767578125,0.9854926466941833,-0.9854926466941833,0.1814395934343338,-0.1509496569633484,0.07171060144901276,-0.055025339126586914,0.5722366571426392,0.5707323551177979,0.5694047212600708
sample_000104,1.241188883781433,0.9509797096252441,0.3578187823295593,-0.3578187823295593,0.1285845786333084,-0.1285845786333084,0.3322795033454895,-0.1145850345492363,0.27311810851097107,-0.2288413792848587,0.5059463381767273,0.5059463381767273,0.47315606474876404
sample_000105,1.0276825428009033,-1.0276825428009033,0.48937445878982544,0.36805376410484314,0.6546028256416321,0.6546028256416321,0.5850067734718323,-0.46935251355171204,0.0945882648229599,0.08230021595954895,0.09630680084228516,0.030069665983319283,0.491260290145874
sample_000106,0.2562785744667053,-0.0659119188785553,0.9701728820800781,0.9701728820800781,0.30522477626800537,0.30522477626800537,1.140852689743042,1.140852689743042,0.06186041980981827,0.016514353454113007,0.9685513377189636,-0.9685513377189636,0.6171568036079407
sample_000107,1.0781245231628418,1.0781245231628418,0.5706722736358643,0.09195461869239807,0.3436879813671112,-0.02140878513455391,0.37758490443229675,0.37009739875793457,0.10735733807086945,-0.10735733807086945,0.4899786114692688,0.0632876306772232,0.4945676326751709
sample_000108,0.9275283813476562,-0.9275283813476562,0.7583827972412109,-0.7583827972412109,0.2362101525068283,-0.2362101525068283,0.5997785329818726,-0.5997785329818726,0.14926370978355408,-0.14926370978355408,0.21540209650993347,0.06500113755464554,0.48109427094459534
sample_000109,1.5005557537078857,1.4158662557601929,0.7779331207275391,-0.7779331207275391,0.4419729709625244,-0.4419729709625244,0.2021043449640274,-0.2021043449640274,0.2850261330604553,-0.2850261330604553,0.35585808753967285,0.35585808753967285,0.5939083695411682
sample_000110,0.936069905757904,0.936069905757904,1.1802787780761719,1.1802787780761719,0.4767753481864929,0.4767753481864929,1.019345760345459,1.019345760345459,0.1024358868598938,-0.1024358868598938,0.8743906021118164,-0.8310642242431641,0.7648827433586121
sample_000111,0.8724048733711243,0.4668926000595093,0.35705795884132385,-0.35705795884132385,0.32384878396987915,-0.32384878396987915,0.31053364276885986,0.31053364276885986,0.17434293031692505,-0.012883670628070831,0.3295110762119293,0.15874198079109192,0.3946165144443512
sample_000112,0.999420166015625,0.999420166015625,1.1780354976654053,1.1780354976654053,0.42173266410827637,0.42173266410827637,1.325535774230957,1.325535774230957,0.07717255502939224,-0.07715115696191788,0.7981158494949341,-0.788562536239624,0.8000020980834961
sample_000113,1.4579744338989258,1.4579744338989258,0.41115665435791016,-0.41115665435791016,0.433525025844574,-0.433525025844574,0.41592490673065186,0.3914979100227356,0.17746086418628693,-0.13123148679733276,0.4378475844860077,0.4355657696723938,0.5556482672691345
sample_000114,0.31874966621398926,-0.2237069010734558,1.1645538806915283,1.1645538806915283,0.7431607842445374,0.7431607842445374,1.2777469158172607,1.2777469158172607,0.25085926055908203,-0.25085926055908203,1.1527438163757324,-1.1527438163757324,0.8179690837860107
sample_000115,0.8293331265449524,-0.8293331265449524,0.3853435814380646,-0.3853435814380646,0.15143519639968872,-0.14568999409675598,0.37693750858306885,-0.37693750858306885,0.0985058918595314,-0.04732397943735123,0.21154983341693878,-0.15031203627586365,0.3421841859817505
sample_000116,1.0118558406829834,-1.0118558406829834,0.746847927570343,0.746847927570343,0.28163883090019226,0.28163883090019226,1.1615653038024902,1.1615653038024902,0.07571456581354141,-0.06206200271844864,0.544347882270813,-0.5381518602371216,0.6369950175285339
sample_000117,0.925398051738739,0.4258155822753906,0.44392651319503784,-0.44392651319503784,0.29138749837875366,-0.29138749837875366,0.2188728004693985,-0.042826928198337555,0.11938174813985825,-0.04936765879392624,0.31498321890830994,0.19257283210754395,0.3856583535671234
sample_000118,1.173051357269287,1.150547742843628,0.5648331046104431,0.4499114453792572,0.34170106053352356,0.24107033014297485,0.4980003237724304,0.4706629514694214,0.2051021158695221,-0.09916970133781433,0.6726150512695312,-0.30759167671203613,0.5758838057518005
sample_000119,1.0809539556503296,0.7993364334106445,0.6898788213729858,0.6898788213729858,0.23247450590133667,0.23247450590133667,1.1891932487487793,1.1891932487487793,0.31827855110168457,-0.31827855110168457,0.3919856548309326,-0.358489990234375,0.6504607796669006
sample_000120,1.0904459953308105,0.7086247801780701,0.17984558641910553,-0.0744737982749939,0.17761576175689697,-0.10597684979438782,0.2378147542476654,0.1564525067806244,0.14855213463306427,-0.14855213463306427,0.4327813684940338,0.27305924892425537,0.37784257531166077
sample_000121,1.7359163761138916,1.7359163761138916,0.5910472273826599,0.14550068974494934,0.37400323152542114,-0.030765775591135025,0.5862648487091064,0.5799344778060913,0.28742897510528564,-0.20777031779289246,0.6814122200012207,-0.0770145058631897,0.7093455195426941
sample_000122,1.2312341928482056,-0.7672299742698669,1.0963714122772217,-1.0963714122772217,0.35957151651382446,-0.35957151651382446,0.8532209396362305,-0.8532209396362305,0.17304198443889618,-0.1658882200717926,0.3787490725517273,0.21137744188308716,0.6820315718650818
sample_000123,0.6096246838569641,0.5190380811691284,0.24685506522655487,0.14217481017112732,0.1785028874874115,0.05856268107891083,0.26763051748275757,0.23009520769119263,0.13730233907699585,-0.037077926099300385,0.21608033776283264,0.03560309112071991,0.2759993076324463
sample_000124,0.9511120319366455,0.9504838585853577,0.6979091167449951,0.6979091167449951,0.1408579796552658,0.13417792320251465,1.1303229331970215,1.1303229331970215,0.2649379074573517,-0.2649379074573517,0.9508365392684937,-0.9041688442230225,0.6893293857574463
sample_000125,0.899691104888916,0.587698221206665,0.29860007762908936,-0.29860007762908936,0.3022165298461914,-0.3022165298461914,0.18991070985794067,0.05656372010707855,0.16442424058914185,-0.1062438115477562,0.3913220167160034,0.3726664185523987,0.3743607997894287
sample_000126,0.815365731716156,0.2830849885940552,0.8894100189208984,0.8894100189208984,0.24420684576034546,0.11469690501689911,1.595054268836975,1.595054268836975,0.3822830021381378,-0.3822830021381378,0.9186900854110718,-0.9186900854110718,0.8075016140937805
sample_000127,1.6989614963531494,1.4368438720703125,0.3488103151321411,-0.342427134513855,0.31554391980171204,-0.31554391980171204,0.246271550655365,0.08939362317323685,0.17532220482826233,-0.14293861389160156,0.4999677538871765,0.4999677538871765,0.5474795699119568
sample_000128,2.418170690536499,-2.418170690536499,0.14740228652954102,-0.09279369562864304,0.23504027724266052,-0.10767748206853867,0.4324338436126709,0.16066522896289825,0.11168345808982849,0.10387913882732391,0.284119188785553,-0.1210242509841919,0.6048082709312439
sample_000129,1.6909215450286865,1.6909215450286865,0.41560113430023193,-0.41560113430023193,0.3941373825073242,-0.3941373825073242,0.18992097675800323,0.18786795437335968,0.2659991979598999,-0.2659991979598999,0.39980077743530273,0.3733396530151367,0.5593968629837036
sample_000130,0.4461716115474701,-0.4461716115474701,0.18109683692455292,-0.18109683692455292,0.04710303246974945,-0.04260481148958206,0.10921914875507355,-0.07562844455242157,0.15573659539222717,0.15573659539222717,0.2104000747203827,-0.042120181024074554,0.19162122905254364
sample_000131,0.4630879759788513,0.4630879759788513,0.9872959852218628,0.9872959852218628,0.337309330701828,0.337309330701828,0.957789421081543,0.957789421081543,0.45214489102363586,-0.45214489102363586,0.873358964920044,-0.873358964920044,0.6784977912902832
sample_000132,1.2734423875808716,-1.2734423875808716,0.23397228121757507,0.14017799496650696,0.15738984942436218,0.08570241928100586,0.5063574314117432,0.16069760918617249,0.12508781254291534,0.02362382411956787,0.21985232830047607,-0.11648187041282654,0.4193502962589264
sample_000133,0.8933581113815308,0.8933581113815308,1.2082395553588867,1.2082395553588867,0.4746125042438507,0.4746125042438507,1.3310484886169434,1.3310484886169434,0.5250253081321716,-0.5250253081321716,0.9952057600021362,-0.9952057600021362,0.904581606388092
sample_000134,1.3654797077178955,1.106703519821167,0.4727016091346741,-0.4727016091346741,0.3417366147041321,-0.3417366147041321,0.2435067594051361,-0.17498964071273804,0.3717649281024933,-0.3717649281024933,0.2747430205345154,0.2747430205345154,0.5116553902626038
sample_000135,0.06309913098812103,-0.03192182257771492,0.16229064762592316,0.0856761485338211,0.2232189178466797,0.20233659446239471,0.05162632837891579,0.028201261535286903,0.1089184433221817,0.10176680982112885,0.5586742162704468,-0.5076271295547485,0.1946379393339157
sample_000136,1.7289830446243286,-1.7289830446243286,1.6944682598114014,-1.6944682598114014,0.9071550965309143,-0.9071550965309143,1.014898419380188,-1.014898419380188,0.08301539719104767,-0.04051142930984497,0.7265540361404419,0.7265540361404419,1.0258456468582153
sample_000137,1.1165180206298828,0.5332586765289307,0.24629037082195282,-0.24629037082195282,0.22988155484199524,-0.22988155484199524,0.3610255718231201,0.08900079131126404,0.1327950656414032,-0.09951796382665634,0.37234994769096375,0.1731545627117157,0.40981006622314453
sample_000138,1.4866230487823486,-1.4866230487823486,1.786210060119629,-1.786210060119629,1.044895887374878,-1.044895887374878,0.4422098696231842,-0.30838993191719055,0.2168494015932083,-0.2168494015932083,0.8094844818115234,0.8094844818115234,0.964378833770752
sample_000139,1.2052918672561646,1.2052918672561646,1.2418668270111084,1.2418668270111084,0.9393834471702576,0.9393834471702576,0.8105161190032959,0.8105161190032959,0.21595576405525208,0.21595576405525208,0.8899310231208801,-0.8885180950164795,0.8838241696357727
sample_000140,1.1816438436508179,-0.6130194664001465,0.2733190059661865,-0.20111921429634094,0.21631625294685364,0.21631625294685364,0.8300158977508545,-0.8096412420272827,0.2895413041114807,-0.2895413041114807,0.4038107991218567,-0.03533867746591568,0.5324411988258362
sample_000141,0.228227436542511,-0.228227436542511,0.22789990901947021,-0.0510023757815361,0.26015031337738037,-0.18284335732460022,0.46434375643730164,0.4172610640525818,0.07475078850984573,0.07475078850984573,0.520383358001709,-0.3017796576023102,0.2959592640399933
sample_000142,0.6172440648078918,0.5720821619033813,1.0331525802612305,0.8138126134872437,0.7304559350013733,0.5805676579475403,0.6128841638565063,0.6128841638565063,0.12742245197296143,0.12742245197296143,0.9399211406707764,-0.6406549215316772,0.6768466830253601
sample_000143,0.9521999359130859,-0.861119270324707,0.930578351020813,-0.930578351020813,0.44403040409088135,-0.4102703332901001,0.9972824454307556,-0.9972824454307556,0.3814767599105835,-0.3814767599105835,0.42040127515792847,0.3771919906139374,0.6876615881919861
sample_000144,1.153708815574646,-0.3463320732116699,0.9325594902038574,-0.9325594902038574,0.45888394117355347,-0.4316215515136719,0.6805874109268188,-0.6004515886306763,0.27332594990730286,-0.27332594990730286,0.3965444564819336,0.177207350730896,0.6492683291435242
sample_000145,0.44225555658340454,-0.40421822667121887,0.10339857637882233,0.05353129282593727,0.2094992995262146,0.1947249472141266,0.3921969532966614,-0.2552427053451538,0.21285167336463928,0.017779827117919922,0.36385124921798706,-0.36385124921798706,0.28734222054481506
sample_000146,0.4895161986351013,-0.35847869515419006,0.14958429336547852,-0.13881883025169373,0.16157537698745728,0.021150294691324234,0.3917493522167206,-0.19873100519180298,0.048069894313812256,-0.03251086175441742,0.2673640847206116,0.04350524768233299,0.2513098418712616
sample_000147,0.8182607293128967,-0.8163201212882996,0.2555244266986847,-0.12599211931228638,0.1537618339061737,-0.12462888658046722,0.20539090037345886,-0.0974983274936676,0.12524929642677307,0.04003741592168808,0.3784881830215454,-0.27188774943351746,0.32277920842170715
sample_000148,0.741561233997345,-0.7336006760597229,0.5009409785270691,-0.4848477244377136,0.1280645728111267,0.009202511981129646,0.7422422170639038,-0.4987499713897705,0.16452470421791077,0.16421180963516235,0.36246156692504883,0.19176115095615387,0.4399658739566803
sample_000149,1.0758159160614014,-1.0758159160614014,0.7535646557807922,-0.7535646557807922,0.19804266095161438,-0.1963770091533661,0.8854789137840271,-0.8854789137840271,0.16172349452972412,-0.16172349452972412,0.45064568519592285,0.23804377019405365,0.5875452160835266
sample_000150,0.8444349765777588,-0.8444349765777588,0.4074647128582001,-0.4014568328857422,0.26203927397727966,-0.26203927397727966,0.6251525282859802,-0.2440929263830185,0.06389868259429932,-0.02835722267627716,0.5107649564743042,0.29419201612472534,0.4522925317287445
sample_000151,1.4613820314407349,-1.1888372898101807,0.2970293164253235,-0.28027546405792236,0.22164493799209595,0.15412379801273346,0.8402294516563416,-0.8402294516563416,0.16695669293403625,-0.1619945466518402,0.5100533962249756,0.05158987641334534,0.5828827023506165
sample_000152,0.7841582298278809,0.49614736437797546,0.2315680831670761,-0.0035430751740932465,0.23749908804893494,-0.0324740968644619,0.19092467427253723,-0.054387416690588,0.10508931428194046,-0.04588925093412399,0.2410806119441986,0.08978338539600372,0.29838669300079346
sample_000153,0.5726912021636963,0.5726912021636963,0.4810556173324585,0.30177566409111023,0.18299132585525513,-0.02514388971030712,0.6206119060516357,0.5734432935714722,0.12434622645378113,0.1203417032957077,0.8249542117118835,-0.7189668416976929,0.4677750766277313
sample_000154,0.039517249912023544,0.011395626701414585,2.8608150482177734,2.8608150482177734,0.6941418051719666,0.4681103229522705,0.43871963024139404,-0.08390380442142487,0.8177485466003418,0.8177485466003418,0.32573848962783813,0.32573848962783813,0.8627800941467285
sample_000155,0.3523670434951782,-0.3523670434951782,0.6563355922698975,-0.18009929358959198,0.9909785389900208,0.9700452089309692,0.5551340579986572,0.555038332939148,0.6175680160522461,0.6175680160522461,0.3655858039855957,0.011331770569086075,0.5896615386009216
sample_000156,0.7336013317108154,0.7336013317108154,0.9386613965034485,-0.9386613965034485,0.9487950801849365,0.9487950801849365,0.7822421789169312,0.17612139880657196,0.7679678201675415,0.7679678201675415,0.5540467500686646,-0.3708467185497284,0.7875523567199707
sample_000157,0.5311303734779358,0.1236921101808548,1.169335126876831,-1.169335126876831,0.8421134948730469,0.8421134948730469,0.55660080909729,0.06780047714710236,0.14874762296676636,0.14874762296676636,0.7072415351867676,-0.6911296248435974,0.659194827079773
sample_000158,0.8122074604034424,-0.3821691870689392,1.299431562423706,-1.299431562423706,1.7059123516082764,1.7059123516082764,0.4009373188018799,0.1363317370414734,1.2239034175872803,1.2239034175872803,0.7309788465499878,0.7309788465499878,1.0288952589035034
sample_000159,0.5372797846794128,-0.5372797846794128,1.4578906297683716,1.053267478942871,0.8645352125167847,0.37490421533584595,0.616142749786377,0.35511499643325806,0.7330340147018433,0.725624680519104,0.354045033454895,0.354045033454895,0.7604878544807434
sample_000160,0.3251054883003235,0.22575263679027557,0.26473891735076904,-0.24302341043949127,1.7186453342437744,1.7186453342437744,0.7596248388290405,-0.49178653955459595,0.8174728155136108,0.8174728155136108,0.5408978462219238,-0.4089389443397522,0.7377474904060364
sample_000161,0.07593764364719391,0.07074984163045883,1.257960319519043,0.91243976354599,1.4827191829681396,0.8459006547927856,0.36867624521255493,-0.2559814751148224,0.3456743359565735,0.3439908027648926,0.2539079189300537,0.2539079189300537,0.6308125853538513
sample_000162,0.9175447821617126,-0.8940791487693787,1.2650525569915771,-0.27880048751831055,2.132755756378174,2.0249152183532715,0.3669213354587555,-0.3138335049152374,0.4408753216266632,0.4408753216266632,0.6307494640350342,-0.30412527918815613,0.9589832425117493
sample_000163,0.45876967906951904,0.018726691603660583,1.7571765184402466,-1.7571765184402466,1.799079418182373,1.799079418182373,0.92708420753479,-0.92708420753479,0.05954594165086746,0.0380004420876503,0.14204949140548706,0.07176953554153442,0.8572842478752136
sample_000164,2.166867256164551,-2.166867256164551,0.3891497254371643,-0.27134400606155396,1.1153583526611328,1.0988893508911133,0.5199539065361023,0.4769110381603241,0.0826619565486908,0.010509934276342392,0.6588228940963745,0.33107537031173706,0.8221357464790344
sample_000165,0.15100771188735962,0.14331918954849243,2.801030158996582,2.801030158996582,0.537743866443634,0.246373251080513,0.3253073990345001,-0.2737899124622345,0.7701786160469055,0.7701786160469055,0.19841714203357697,0.17267467081546783,0.7972807884216309
sample_000166,0.3838234841823578,0.21309442818164825,0.14637582004070282,0.10364846885204315,0.5131606459617615,-0.5131606459617615,0.2523782551288605,0.02048370987176895,0.16023346781730652,-0.16023346781730652,0.18764542043209076,-0.01486504077911377,0.2739361524581909
sample_000167,0.47975292801856995,-0.3200167119503021,2.0862677097320557,2.0862677097320557,1.1577861309051514,0.901839554309845,0.3835710883140564,-0.33278965950012207,0.660624623298645,0.660624623298645,0.3132022023200989,0.3132022023200989,0.8468673825263977
sample_000168,0.3281831741333008,0.30714958906173706,0.3426301181316376,-0.07951679825782776,0.582284688949585,0.058115482330322266,0.8041093349456787,0.4690789580345154,0.330846905708313,0.33049941062927246,1.115959882736206,-0.7734986543655396,0.5840023159980774
sample_000169,2.1065142154693604,-2.1065142154693604,0.3039502799510956,0.24591472744941711,0.7416496276855469,0.7416496276855469,0.5421342849731445,0.5284252166748047,0.2868286967277527,0.21402907371520996,1.3845674991607666,0.2806137204170227,0.8942740559577942
sample_000170,0.6571388244628906,-0.6571388244628906,1.457106590270996,-1.457106590270996,1.1071363687515259,1.1071363687515259,0.3078480064868927,0.01437503844499588,0.11916880309581757,-0.02111680433154106,0.9037647247314453,0.9037647247314453,0.7586938738822937
sample_000171,0.4707440435886383,0.3032721281051636,1.1530059576034546,-1.1530059576034546,0.5956995487213135,0.595393180847168,0.8713966608047485,0.7115664482116699,0.14096760749816895,0.1407642662525177,1.3144097328186035,1.0126383304595947,0.757703959941864
sample_000172,0.12259796261787415,0.009369824081659317,1.3080599308013916,1.3080599308013916,0.29504072666168213,-0.020377330482006073,0.4112210273742676,0.15260258316993713,0.403704434633255,0.403704434633255,0.5864365100860596,0.13109229505062103,0.5211767554283142
sample_000173,0.7115665674209595,0.6894251108169556,0.35047638416290283,0.10954084247350693,2.1388421058654785,2.1388421058654785,0.34308651089668274,0.2906794548034668,0.7661292552947998,-0.7661292552947998,0.9966387152671814,0.9966387152671814,0.8844566345214844
sample_000174,0.6805235147476196,0.5933881998062134,0.2667286694049835,-0.239175945520401,0.7113226652145386,0.28736355900764465,0.919815182685852,0.919815182685852,0.15738213062286377,0.10993724316358566,1.4624240398406982,0.9747005105018616,0.699699342250824
sample_000175,1.2352495193481445,-1.2352495193481445,0.6842819452285767,-0.6842819452285767,2.2271835803985596,2.2271835803985596,0.39835649728775024,-0.24871991574764252,0.08131130039691925,0.05299213156104088,1.2008564472198486,1.2008564472198486,0.9712064862251282
sample_000176,0.2533622086048126,0.17957131564617157,1.362290382385254,0.5556393265724182,1.241173267364502,0.6710985898971558,0.1556873917579651,0.040403854101896286,0.5359758734703064,0.5319726467132568,0.545737624168396,0.3429352045059204,0.6823711395263672
sample_000177,0.3322126269340515,0.2661111354827881,1.3744871616363525,-1.3744871616363525,1.8462209701538086,1.8462209701538086,0.753063440322876,-0.659945011138916,0.3213754892349243,0.3213754892349243,1.2616543769836426,1.2616543769836426,0.98150235414505
sample_000178,0.29366302490234375,0.24485386908054352,1.7927098274230957,-1.7927098274230957,2.0185728073120117,2.0185728073120117,1.1024408340454102,-1.1024408340454102,0.3198450207710266,0.3198450207710266,1.075979471206665,-0.2517887055873871,1.1005351543426514
sample_000179,0.5570459365844727,0.10896521061658859,2.203385353088379,2.203385353088379,0.5151480436325073,0.24007548391819,0.38332444429397583,0.18736040592193604,0.32363343238830566,0.32363343238830566,0.3504887521266937,0.3482652008533478,0.7221710085868835
sample_000180,0.8867299556732178,-0.7624297142028809,0.2559603452682495,-0.24025774002075195,2.510578155517578,2.510578155517578,0.5777634978294373,-0.2936176061630249,0.29468515515327454,0.29468515515327454,1.080704927444458,1.080704927444458,0.9344037175178528
sample_000181,1.3951005935668945,1.3951005935668945,0.5581000447273254,-0.5581000447273254,2.0579042434692383,2.0579042434692383,0.34014177322387695,0.06623400747776031,0.4157012701034546,0.4157012701034546,0.8771408796310425,0.042699962854385376,0.9406814575195312
sample_000182,0.4700596034526825,0.3713202476501465,1.3104008436203003,0.8994991183280945,1.2869467735290527,-0.005050957202911377,0.38015544414520264,-0.13055725395679474,0.35999029874801636,0.35999029874801636,0.7545510530471802,0.7545510530471802,0.7603507041931152
sample_000183,0.45611512660980225,0.05804413557052612,0.634311318397522,-0.561988115310669,1.164581060409546,0.8701158761978149,0.49238768219947815,0.3989417254924774,0.22393187880516052,0.22393187880516052,1.5878028869628906,1.5878028869628906,0.7598549723625183
sample_000184,0.3005726933479309,0.29129406809806824,0.8930962085723877,-0.8930962085723877,1.1261332035064697,0.952457070350647,0.46346381306648254,0.17822328209877014,0.21099433302879333,0.21099433302879333,0.402840793132782,0.1900421380996704,0.5661835074424744
sample_000185,1.5795493125915527,-1.5795493125915527,0.9542133808135986,-0.9542133808135986,1.1885205507278442,1.1885205507278442,0.28146353363990784,-0.1422504186630249,0.08330310881137848,0.07541009038686752,1.622948169708252,1.622948169708252,0.9516663551330566
sample_000186,0.47329211235046387,0.10935135930776596,0.17012417316436768,-0.17012417316436768,1.8869822025299072,1.8869822025299072,0.30607080459594727,-0.0466732457280159,0.6929710507392883,0.6929710507392883,0.3481038808822632,0.24404282867908478,0.6462574005126953
sample_000187,1.2860007286071777,-1.2860007286071777,0.5541572570800781,-0.2725778818130493,2.343172073364258,2.2680110931396484,0.9272960424423218,-0.8301304578781128,0.3144947588443756,0.3144947588443756,1.209297776222229,1.209297776222229,1.1057363748550415
sample_000188,1.041372537612915,1.041372537612915,1.8074326515197754,-1.8074326515197754,1.5939862728118896,1.5939862728118896,0.6714794635772705,0.3560938835144043,0.452126145362854,0.452126145362854,0.6620292067527771,0.20854215323925018,1.0380710363388062
sample_000189,1.0495530366897583,1.0495530366897583,0.9488936066627502,-0.9488936066627502,1.8396062850952148,1.8396062850952148,0.7482414245605469,-0.22346767783164978,0.3064303994178772,0.27479711174964905,1.6849344968795776,1.6849344968795776,1.0962765216827393
sample_000190,1.1594460010528564,1.1594460010528564,1.9596952199935913,-1.9596952199935913,1.4931501150131226,1.4931501150131226,0.23009587824344635,0.14431142807006836,0.4041171669960022,0.4041171669960022,0.7054579257965088,-0.6975055932998657,0.9919937252998352
sample_000191,0.144866943359375,0.06941644847393036,0.7261602282524109,-0.19337640702724457,0.7141987085342407,-0.033194318413734436,0.6312834024429321,-0.2999192476272583,0.07398934662342072,0.07034198939800262,0.3892033100128174,0.3892033100128174,0.4466169774532318
sample_000192,0.8754973411560059,0.8754973411560059,1.6524192094802856,1.6524192094802856,1.9927124977111816,1.9927124977111816,0.6916739344596863,0.6916739344596863,0.40146246552467346,0.40146246552467346,0.49331456422805786,-0.30303651094436646,1.017846703529358
sample_000193,0.3627360165119171,-0.3614538311958313,1.3757274150848389,-1.3757274150848389,1.8641932010650635,1.8641932010650635,0.4398394823074341,0.4398394823074341,0.14982925355434418,0.14982925355434418,0.6754599213600159,-0.37040892243385315,0.811297595500946
sample_000194,0.09722425788640976,0.04190022125840187,0.5459393262863159,-0.132354274392128,1.783684253692627,1.728176236152649,0.20784616470336914,0.06472265720367432,0.28667134046554565,0.28667134046554565,0.8100862503051758,-0.6146009564399719,0.6219086050987244
sample_000195,0.45207905769348145,-0.45207905769348145,1.2641485929489136,0.054970502853393555,1.5909124612808228,1.1237328052520752,0.4676443636417389,-0.3179115951061249,0.31847622990608215,0.31492140889167786,0.6027897596359253,-0.1563856303691864,0.7826750874519348
sample_000196,1.0055495500564575,-1.0055495500564575,0.3813972473144531,-0.3813972473144531,2.32047176361084,2.3185267448425293,0.5125923156738281,-0.2813666760921478,0.47074395418167114,0.47074395418167114,0.7159750461578369,0.7159750461578369,0.9011216163635254
sample_000197,0.7872469425201416,-0.7719317674636841,1.3310189247131348,-1.3310189247131348,1.0500770807266235,1.0411041975021362,0.377533495426178,-0.377533495426178,0.16951759159564972,-0.16951759159564972,1.1782119274139404,1.1663298606872559,0.8156010508537292
sample_000198,0.799426794052124,-0.20741944015026093,0.3987588882446289,-0.3987588882446289,2.4480252265930176,2.4480252265930176,0.3626648187637329,-0.25817298889160156,0.4711272120475769,0.4711272120475769,0.3941929042339325,0.21460412442684174,0.8123660087585449
sample_000199,1.1984541416168213,-1.1984541416168213,0.5504010915756226,-0.5504010915756226,1.6399906873703003,1.6399906873703003,0.20714588463306427,-0.04370306059718132,0.1889829933643341,0.1889829933643341,0.5334259271621704,-0.0044430941343307495,0.7197334170341492
sample_000200,0.6973600387573242,0.5565959215164185,0.5586104393005371,-0.5586104393005371,1.5257477760314941,1.4857453107833862,0.44049638509750366,0.3217616379261017,0.23246464133262634,0.23246464133262634,0.9091420769691467,0.9091420769691467,0.7273035049438477
sample_000201,0.37127411365509033,-0.29035401344299316,1.0886536836624146,0.7603972554206848,1.215813398361206,1.0708551406860352,0.6118006110191345,0.5999621152877808,0.6004503965377808,0.6004503965377808,0.3188095688819885,0.3188095688819885,0.701133668422699
sample_000202,2.7098307609558105,-2.7098307609558105,0.31244775652885437,0.15644413232803345,1.1521177291870117,0.9183452725410461,1.2831274271011353,1.2831274271011353,0.14912784099578857,-0.11032424867153168,0.8251177668571472,-0.30747339129447937,1.071961522102356
sample_000203,1.4960930347442627,-1.4960930347442627,0.46283233165740967,-0.2327401340007782,1.543247103691101,1.2970839738845825,0.2991781532764435,0.20176969468593597,0.3694496154785156,0.3694496154785156,0.6693593263626099,0.05328987538814545,0.8066932559013367
sample_000204,1.268640398979187,-1.268640398979187,1.1013851165771484,-1.1013851165771484,0.6092694997787476,0.6092694997787476,0.24631267786026,0.19366392493247986,0.06153158098459244,-0.031188733875751495,0.6803151369094849,-0.3697669804096222,0.6612424254417419
sample_000205,1.3342580795288086,1.3342580795288086,0.43236684799194336,-0.37460795044898987,1.9008879661560059,1.8554246425628662,0.6644365787506104,0.6644365787506104,0.31317877769470215,0.31317877769470215,0.7467817664146423,0.7467817664146423,0.8986515998840332
sample_000206,0.8097459077835083,0.8097459077835083,0.8786507844924927,0.13737134635448456,1.6042420864105225,1.6042420864105225,0.2831128239631653,0.1478114128112793,0.12078486382961273,0.11416930705308914,0.6155321598052979,-0.5903604626655579,0.7186781764030457
sample_000207,1.0303163528442383,-0.978766679763794,0.924092710018158,-0.924092710018158,1.8258365392684937,1.8258365392684937,0.47513294219970703,0.4462440311908722,0.24291816353797913,0.2362981140613556,0.7804781198501587,0.7712163329124451,0.8797957897186279
sample_000208,0.1602855622768402,-0.14569321274757385,1.0318865776062012,0.8985894918441772,0.6283749341964722,-0.2679874897003174,0.438652902841568,-0.050971388816833496,0.2657428979873657,0.26026830077171326,0.44577550888061523,0.44577550888061523,0.49511972069740295
sample_000209,0.23884831368923187,0.023681707680225372,1.1726000308990479,1.1726000308990479,0.4331255257129669,0.22041767835617065,0.4113413393497467,-0.14399980008602142,0.37256374955177307,0.3196427524089813,0.4416031837463379,0.16235555708408356,0.5116803646087646
sample_000210,0.4317406415939331,-0.4317406415939331,0.6993714570999146,-0.6903810501098633,1.4665725231170654,1.4329652786254883,0.30740153789520264,0.2414604276418686,0.2831365466117859,0.2683449387550354,0.5574462413787842,-0.16880756616592407,0.6242781281471252
sample_000211,0.2775810658931732,0.2775810658931732,1.1542093753814697,0.06964242458343506,1.360333800315857,1.0258208513259888,0.25236213207244873,0.17824333906173706,0.5014663338661194,0.5014663338661194,0.370421826839447,0.2460256814956665,0.6527290940284729
sample_000212,1.1995553970336914,1.1995553970336914,1.8397105932235718,1.8353602886199951,1.752979040145874,1.752979040145874,0.5362229943275452,0.4480186700820923,0.4106283187866211,0.4106283187866211,0.9256571531295776,-0.9256571531295776,1.1107922792434692
sample_000213,0.14991244673728943,0.0892411321401596,1.1332345008850098,0.9971002340316772,0.8639300465583801,-0.5698405504226685,0.6852976083755493,0.6852976083755493,0.42652398347854614,0.42652398347854614,0.09408016502857208,-0.028599269688129425,0.5588297843933105
sample_000214,1.0494273900985718,1.023638129234314,0.2591117024421692,0.25015610456466675,1.2028731107711792,1.2028731107711792,0.9147371053695679,0.9147371053695679,0.7460266947746277,0.7460266947746277,0.4843038022518158,0.05983039736747742,0.7760799527168274
sample_000215,0.20923198759555817,0.16156502068042755,1.3503938913345337,1.3503938913345337,1.218841791152954,1.1120665073394775,0.708768904209137,-0.05166952311992645,0.2765609920024872,0.2765609920024872,0.4163186252117157,-0.2409740835428238,0.6966860294342041
