sample_id,seed,action_mae
sample_000000,0,0.2900412380695343
sample_000007,0,0.17546124756336212
sample_000014,0,0.71772700548172
sample_000022,0,0.5422016382217407
sample_000029,0,0.8079380393028259
sample_000037,0,0.6154583692550659
sample_000044,0,0.3020770847797394
sample_000051,0,0.2902107238769531
sample_000059,0,0.7448884844779968
sample_000066,0,0.24214987456798553
sample_000074,0,0.7537589073181152
sample_000081,0,0.3997594118118286
sample_000088,0,0.4785292148590088
sample_000096,0,0.2955057919025421
sample_000103,0,0.7745248675346375
sample_000111,0,0.23585174977779388
sample_000118,0,0.47976723313331604
sample_000126,0,0.9482080340385437
sample_000133,0,0.8143021464347839
sample_000140,0,0.5945551991462708
sample_000148,0,0.45764660835266113
sample_000155,0,0.5571847558021545
sample_000163,0,0.8532178401947021
sample_000170,0,0.8331210017204285
sample_000177,0,0.8380293846130371
sample_000185,0,0.9450133442878723
sample_000192,0,0.4588810205459595
sample_000200,0,0.8698287010192871
sample_000207,0,0.8399050831794739
sample_000215,0,0.7527799606323242
sample_000000,1,0.2654436230659485
sample_000007,1,0.3864041566848755
sample_000014,1,0.8178935050964355
sample_000022,1,0.4524909257888794
sample_000029,1,0.8187493681907654
sample_000037,1,0.5264645218849182
sample_000044,1,0.34989580512046814
sample_000051,1,0.18331120908260345
sample_000059,1,0.7551596760749817
sample_000066,1,0.36386093497276306
sample_000074,1,0.709712564945221
sample_000081,1,0.2852305769920349
sample_000088,1,0.4803401529788971
sample_000096,1,0.3953624963760376
sample_000103,1,0.6995341777801514
sample_000111,1,0.4170180857181549
sample_000118,1,0.6511907577514648
sample_000126,1,0.879370391368866
sample_000133,1,0.9327335953712463
sample_000140,1,0.25929075479507446
sample_000148,1,0.5898461937904358
sample_000155,1,0.5965179800987244
sample_000163,1,0.9541837573051453
sample_000170,1,0.774573802947998
sample_000177,1,1.0303224325180054
sample_000185,1,1.1407417058944702
sample_000192,1,0.469553142786026
sample_000200,1,0.7485949993133545
sample_000207,1,0.8019593358039856
sample_000215,1,0.548485517501831
sample_000000,2,0.28582191467285156
sample_000007,2,0.35124778747558594
sample_000014,2,0.8479549288749695
sample_000022,2,0.6242280602455139
sample_000029,2,0.7883281707763672
sample_000037,2,0.5857445597648621
sample_000044,2,0.25615403056144714
sample_000051,2,0.2089022845029831
sample_000059,2,0.6597384810447693
sample_000066,2,0.314198762178421
sample_000074,2,0.7870018482208252
sample_000081,2,0.24818630516529083
sample_000088,2,0.7032990455627441
sample_000096,2,0.39773714542388916
sample_000103,2,0.6030246615409851
sample_000111,2,0.4492208957672119
sample_000118,2,0.5209572911262512
sample_000126,2,0.9155822396278381
sample_000133,2,0.8335726261138916
sample_000140,2,0.26785531640052795
sample_000148,2,0.3586543798446655
sample_000155,2,1.0366145372390747
sample_000163,2,0.47527799010276794
sample_000170,2,0.7482522130012512
sample_000177,2,0.9473795890808105
sample_000185,2,1.035577416419983
sample_000192,2,0.8742905259132385
sample_000200,2,0.7623030543327332
sample_000207,2,0.868869960308075
sample_000215,2,0.5211166739463806
sample_000000,3,0.29844388365745544
sample_000007,3,0.3100450336933136
sample_000014,3,0.505397379398346
sample_000022,3,0.1983947902917862
sample_000029,3,0.6341457962989807
sample_000037,3,0.5132458209991455
sample_000044,3,0.44250139594078064
sample_000051,3,0.11348894983530045
sample_000059,3,0.9786776900291443
sample_000066,3,0.37182822823524475
sample_000074,3,0.7171861529350281
sample_000081,3,0.35287532210350037
sample_000088,3,0.7078819274902344
sample_000096,3,0.4302864372730255
sample_000103,3,0.5890510678291321
sample_000111,3,0.2865745723247528
sample_000118,3,0.7024405598640442
sample_000126,3,0.72629714012146
sample_000133,3,0.7872991561889648
sample_000140,3,0.21682332456111908
sample_000148,3,0.4309190511703491
sample_000155,3,0.5599235892295837
sample_000163,3,0.8518767952919006
sample_000170,3,0.7800385355949402
sample_000177,3,0.8668738007545471
sample_000185,3,0.91783207654953
sample_000192,3,0.37885284423828125
sample_000200,3,0.708541214466095
sample_000207,3,0.8529288172721863
sample_000215,3,0.3420235812664032
sample_000000,4,0.23223276436328888
sample_000007,4,0.5057647228240967
sample_000014,4,0.8238592147827148
sample_000022,4,0.5227906703948975
sample_000029,4,0.8646963238716125
sample_000037,4,0.4609864056110382
sample_000044,4,0.31926217675209045
sample_000051,4,0.35032305121421814
sample_000059,4,0.8949245810508728
sample_000066,4,0.34190046787261963
sample_000074,4,0.7298076748847961
sample_000081,4,0.41983863711357117
sample_000088,4,0.6737632155418396
sample_000096,4,0.3291015326976776
sample_000103,4,0.5532290935516357
sample_000111,4,0.5243876576423645
sample_000118,4,0.6211087703704834
sample_000126,4,0.8950143456459045
sample_000133,4,0.7162513732910156
sample_000140,4,0.26609212160110474
sample_000148,4,0.5789315104484558
sample_000155,4,0.6950531601905823
sample_000163,4,0.8568729758262634
sample_000170,4,0.6844380497932434
sample_000177,4,0.8101842999458313
sample_000185,4,1.0096379518508911
sample_000192,4,0.5429163575172424
sample_000200,4,0.6974707245826721
sample_000207,4,0.8068203926086426
sample_000215,4,0.8662661910057068
sample_000000,5,0.26335471868515015
sample_000007,5,0.4728683531284332
sample_000014,5,0.4362405836582184
sample_000022,5,0.36125636100769043
sample_000029,5,0.9968684315681458
sample_000037,5,0.38567814230918884
sample_000044,5,0.1673596054315567
sample_000051,5,0.12607818841934204
sample_000059,5,0.7486955523490906
sample_000066,5,0.4130174219608307
sample_000074,5,0.6697030067443848
sample_000081,5,0.24652330577373505
sample_000088,5,0.6690347194671631
sample_000096,5,0.4237827956676483
sample_000103,5,0.670429527759552
sample_000111,5,0.6346556544303894
sample_000118,5,0.6894256472587585
sample_000126,5,0.6500667333602905
sample_000133,5,0.8210826516151428
sample_000140,5,0.21963529288768768
sample_000148,5,0.5401495099067688
sample_000155,5,0.5611029267311096
sample_000163,5,0.7277002930641174
sample_000170,5,0.8502278923988342
sample_000177,5,0.8627409934997559
sample_000185,5,0.9423269629478455
sample_000192,5,0.6360926628112793
sample_000200,5,0.688657820224762
sample_000207,5,0.917496919631958
sample_000215,5,0.7429022192955017
sample_000000,6,0.3861127197742462
sample_000007,6,0.3114951252937317
sample_000014,6,0.6889755129814148
sample_000022,6,0.6062484383583069
sample_000029,6,0.8210294842720032
sample_000037,6,0.4877333641052246
sample_000044,6,0.48025134205818176
sample_000051,6,0.24728089570999146
sample_000059,6,0.6881594657897949
sample_000066,6,0.3803671598434448
sample_000074,6,0.725473165512085
sample_000081,6,0.3570930063724518
sample_000088,6,0.6879709362983704
sample_000096,6,0.2625752389431
sample_000103,6,0.5021060109138489
sample_000111,6,0.22265057265758514
sample_000118,6,0.6384015679359436
sample_000126,6,0.7138690948486328
sample_000133,6,0.8047196269035339
sample_000140,6,0.282595694065094
sample_000148,6,0.5417689681053162
sample_000155,6,0.5004517436027527
sample_000163,6,0.8000538349151611
sample_000170,6,0.6728599667549133
sample_000177,6,0.9854132533073425
sample_000185,6,1.1778374910354614
sample_000192,6,0.8217690587043762
sample_000200,6,0.9365972876548767
sample_000207,6,0.7375273108482361
sample_000215,6,0.4107762277126312
sample_000000,7,0.43690621852874756
sample_000007,7,0.5341548323631287
sample_000014,7,0.8344444632530212
sample_000022,7,0.48456668853759766
sample_000029,7,0.8933814167976379
sample_000037,7,0.53913813829422
sample_000044,7,0.3155635595321655
sample_000051,7,0.1663910299539566
sample_000059,7,0.7055568695068359
sample_000066,7,0.380967378616333
sample_000074,7,0.6907350420951843
sample_000081,7,0.48583415150642395
sample_000088,7,0.6067290902137756
sample_000096,7,0.4566093385219574
sample_000103,7,0.569230854511261
sample_000111,7,0.5744056105613708
sample_000118,7,0.3727013170719147
sample_000126,7,0.554800271987915
sample_000133,7,0.778242290019989
sample_000140,7,0.2512224018573761
sample_000148,7,0.4239199161529541
sample_000155,7,0.8074660301208496
sample_000163,7,0.8179342746734619
sample_000170,7,0.7849111557006836
sample_000177,7,0.8630085587501526
sample_000185,7,1.0274308919906616
sample_000192,7,0.6047040820121765
sample_000200,7,0.8364665508270264
sample_000207,7,0.7747581005096436
sample_000215,7,0.548000156879425
