tier,sample,dino_pf,dino_flat,video,action,total_pf,total_flat
unseen_cousin,unseen_cousin__aractingi__push_cube_offline_data__ep000000__t0001,0.1086533936390042,0.10913835512142434,0.06634802504579274,0.8857904076576233,0.40681658866848847,0.40696207711321447
unseen_cousin,unseen_cousin__aractingi__push_cube_offline_data__ep000001__t0024,0.09379054285891064,0.09386927918692545,0.07180360727982349,0.7627816200256348,0.35479089305187417,0.35481451395027863
unseen_cousin,unseen_cousin__aractingi__push_cube_offline_data__ep000002__t0006,0.2264647967246067,0.22703685914871374,0.11045859727700058,0.9115822315216064,0.4657099108091248,0.4658815295363569
unseen_cousin,unseen_cousin__aractingi__push_cube_offline_data__ep000003__t0002,0.23186254068719503,0.23286831783126571,0.07822821239102506,0.8880436420440674,0.44824468274109297,0.4485464158843142
unseen_cousin,unseen_cousin__aractingi__push_cube_offline_data__ep000004__t0016,0.10650794050964714,0.10694394628626336,0.09768170175976698,0.5999191403388977,0.30122454881638333,0.3013553505493682
unseen_cousin,unseen_cousin__aractingi__push_cube_offline_data__ep000005__t0030,0.13638823641804967,0.13644695279675378,0.0710414613832484,0.8159530162811279,0.3886101158528406,0.38862773076645185
unseen_cousin,unseen_cousin__aractingi__push_cube_offline_data__ep000006__t0032,0.16361161196804208,0.16451805743597336,0.08020501746762165,0.8496050238609314,0.4129869983750717,0.4132589320154511
unseen_cousin,unseen_cousin__aractingi__push_cube_offline_data__ep000007__t0015,0.21877833448745182,0.21879812332107262,0.12483550766231966,0.6500580310821533,0.3631073650777928,0.36311330172787903
unseen_cousin,unseen_cousin__aractingi__push_cube_offline_data__ep000008__t0012,0.10902337832996767,0.1090318012953474,0.07793788894576337,0.6101799607276917,0.300160364473796,0.3001628913634099
unseen_cousin,unseen_cousin__aractingi__push_cube_offline_data__ep000009__t0038,0.18653713580321896,0.1877729635962897,0.09059431896114833,0.7460885047912598,0.38157483834581407,0.38194558668373535
unseen_cousin,unseen_cousin__aractingi__push_cube_offline_data__ep000010__t0030,0.11247231717515307,0.11194325115395676,0.08013983229904309,0.7458464503288269,0.3561222249737896,0.3559635051674307
unseen_cousin,unseen_cousin__aractingi__push_cube_offline_data__ep000011__t0045,0.09604167416389389,0.09598949114666155,0.0762086097557707,0.6751315593719482,0.32172770892467867,0.321712054019509
unseen_cousin,unseen_cousin__aractingi__push_cube_offline_data__ep000012__t0018,0.09541307327016779,0.09578709168267552,0.05787630737241556,0.4860621988773346,0.24041169374370885,0.24052389926746118
unseen_cousin,unseen_cousin__aractingi__push_cube_offline_data__ep000013__t0013,0.15410723005488214,0.15403844836128244,0.060216668932874584,0.9403507113456726,0.4404374542345961,0.4404168197265162
unseen_cousin,unseen_cousin__aractingi__push_cube_offline_data__ep000014__t0016,0.11762834200425673,0.11766619946530887,0.07256127409227042,0.6670597195625305,0.32388077265397036,0.323892129892286
unseen_cousin,unseen_cousin__aractingi__push_cube_offline_data__ep000015__t0004,0.25983470254201285,0.26077447614346994,0.09798231039059668,0.39430510997772217,0.2650671478708717,0.26534907995130885
unseen_cousin,unseen_cousin__aractingi__push_cube_offline_data__ep000016__t0018,0.09593794236988026,0.0959226890473408,0.0753456622355394,0.54018235206604,0.26745802220804193,0.2674534462112801
unseen_cousin,unseen_cousin__aractingi__push_cube_offline_data__ep000017__t0004,0.21664592763842666,0.21680481701903875,0.12939585582316693,1.0482046604156494,0.5230943992047379,0.5231420660189214
unseen_cousin,unseen_cousin__aractingi__push_cube_offline_data__ep000018__t0006,0.2157807250688386,0.21755239329886367,0.07753579055576643,0.5394652485847473,0.3037810541212804,0.30431255459028794
unseen_cousin,unseen_cousin__aractingi__push_cube_offline_data__ep000019__t0079,0.0817266088850168,0.0815745142824783,0.09341577652300426,0.3673778772354126,0.19949386651657136,0.1994482381358098
unseen_cousin,unseen_cousin__aractingi__push_cube_offline_data__ep000020__t0064,0.1690336826488154,0.16758289540101523,0.1018918449490932,0.6698267459869385,0.34920835667414796,0.3487731204998079
unseen_cousin,unseen_cousin__aractingi__push_cube_offline_data__ep000021__t0008,0.1454853349729808,0.14666305306952232,0.12985936739978798,0.6206695437431335,0.3308712282090841,0.33122454363804654
unseen_cousin,unseen_cousin__aractingi__push_cube_offline_data__ep000022__t0022,0.08893296370264184,0.08898501556933269,0.09652155301239407,0.6218757629394531,0.30438666019029204,0.30440227575029927
unseen_cousin,unseen_cousin__aractingi__push_cube_offline_data__ep000023__t0051,0.22087516008569769,0.220763756284294,0.09410748177236905,0.7036558985710144,0.3759571519858258,0.37592373084540465
unseen_cousin,unseen_cousin__aractingi__push_cube_offline_data__ep000024__t0019,0.11894467936597886,0.11876586560669444,0.07459686716804237,0.792890727519989,0.375218754968202,0.3751651108404167
unseen_cousin,unseen_cousin__aractingi__push_cube_offline_data__ep000025__t0004,0.11037329840051319,0.11067648521905671,0.08545433896962573,0.7283739447593689,0.35009786911478924,0.35018882516035227
unseen_cousin,unseen_cousin__aractingi__push_cube_offline_data__ep000026__t0004,0.4011882034399693,0.4014000869615282,0.1041091291895222,0.7350918650627136,0.4456259458139329,0.44568951087040054
unseen_cousin,unseen_cousin__aractingi__push_cube_offline_data__ep000027__t0006,0.1395564985636664,0.13972551876437966,0.07732312748303871,0.6133312582969666,0.31039639113279816,0.31044709719301217
unseen_cousin,unseen_cousin__aractingi__push_cube_offline_data__ep000028__t0011,0.16716899705827595,0.1672216564587894,0.11648261094956114,0.7277231812477112,0.37618475490143566,0.37620055272158964
unseen_cousin,unseen_cousin__aractingi__push_cube_offline_data__ep000029__t0002,0.20051586340755542,0.19978559518630012,0.0976665690977554,0.8717743754386902,0.43816447992706936,0.4379453994606928
unseen_cousin,unseen_cousin__frk2__so100large__ep000000__t0043,0.07542398788402611,0.07544755081707455,0.05665223903462302,1.091373324394226,0.4761721978332852,0.4761792667131997
unseen_cousin,unseen_cousin__frk2__so100large__ep000001__t0021,0.10995256188263139,0.11073386424337406,0.06710611314842152,1.2294368743896484,0.5448923522651753,0.545126742973398
unseen_cousin,unseen_cousin__frk2__so100large__ep000002__t0030,0.3219004305053691,0.3241838017845118,0.07128798640639478,1.4803475141525269,0.7100955307345399,0.7107805421182827
unseen_cousin,unseen_cousin__frk2__so100large__ep000003__t0035,0.20973673550870037,0.21001344732634264,0.08092912241967576,1.0328892469406128,0.500355456154758,0.5004384697000507
unseen_cousin,unseen_cousin__frk2__so100large__ep000004__t0006,0.09895670940744697,0.09898039220026944,0.1175557843213082,1.0692200660705566,0.4926417745468492,0.492648879384696
unseen_cousin,unseen_cousin__frk2__so100large__ep000005__t0022,0.1771790067735555,0.17835670330420117,0.0773409706462237,1.3201298713684082,0.604407941773297,0.6047612507324908
unseen_cousin,unseen_cousin__frk2__so100large__ep000006__t0027,0.35716237227395975,0.35735817650160684,0.08690766482282042,1.029746651649475,0.5451196717888241,0.5451784130571182
unseen_cousin,unseen_cousin__frk2__so100large__ep000007__t0020,0.2425662886675966,0.24275306904887073,0.10210278508234705,1.1346529722213745,0.557261911013533,0.5573179451279151
unseen_cousin,unseen_cousin__frk2__so100large__ep000008__t0039,0.27149289398605836,0.272342635490607,0.07184438788278913,1.3666257858276367,0.6496514988917089,0.6499064213430735
unseen_cousin,unseen_cousin__frk2__so100large__ep000009__t0040,0.23853576594358392,0.24108206449196257,0.06076276384077672,1.3713127374649048,0.6383146539212701,0.6390785434857837
unseen_cousin,unseen_cousin__frk2__so100large__ep000010__t0013,0.10467416211767919,0.10640416855173818,0.05825669367071451,1.1887338161468506,0.5243727831952584,0.5248917851254761
unseen_cousin,unseen_cousin__frk2__so100large__ep000011__t0035,0.027047459884595865,0.02704563206033983,0.03296712811736191,1.2835413217544556,0.5314209051023695,0.5314203567550928
unseen_cousin,unseen_cousin__frk2__so100large__ep000012__t0030,0.19907349026053994,0.19868311288769214,0.048307303500547016,1.4302254915237427,0.6463044347378232,0.6461873215259688
unseen_cousin,unseen_cousin__frk2__so100large__ep000013__t0028,0.21785651045790227,0.2172200514476198,0.05991253277033326,1.4219213724136353,0.6520992619339248,0.6519083242308401
unseen_cousin,unseen_cousin__frk2__so100large__ep000014__t0033,0.3748646225514584,0.3773334677193978,0.08012358061718516,1.4161053895950317,0.7029386167886058,0.7036792703389876
unseen_cousin,unseen_cousin__frk2__so100large__ep000015__t0016,0.08117911071752673,0.08116273151262088,0.08729456810981429,0.9839972853660583,0.44414101779462567,0.4441361040331539
unseen_cousin,unseen_cousin__frk2__so100large__ep000016__t0003,0.03818697672674116,0.0382218341949484,0.06748932228092852,1.2198456525802612,0.5196411507344054,0.5196516079748676
unseen_cousin,unseen_cousin__frk2__so100large__ep000017__t0035,0.09944121596859934,0.09850374071801216,0.0385299394002826,1.3369107246398926,0.5761556364666216,0.5758743938914455
unseen_cousin,unseen_cousin__frk2__so100large__ep000018__t0000,0.05613604629650028,0.05636449846282299,0.046543651581824275,1.1979663372039795,0.5099904442450892,0.5100589798949859
unseen_cousin,unseen_cousin__frk2__so100large__ep000019__t0005,0.08627728531852316,0.08628452684117482,0.07432686691236301,0.9318139553070068,0.4209068277920686,0.42090900024886413
unseen_cousin,unseen_cousin__frk2__so100large__ep000020__t0025,0.08358804384851173,0.08329430788751824,0.02451188873702037,1.3734666109085083,0.581816624139063,0.5817285033507649
unseen_cousin,unseen_cousin__frk2__so100large__ep000021__t0042,0.0036753014109156476,0.0036798075599973057,0.015076749596182881,1.3650588989257812,0.5516491748724421,0.5516505267171666
unseen_cousin,unseen_cousin__frk2__so100large__ep000022__t0040,0.008837029975205302,0.008839411992500712,0.0115803667896337,1.3671855926513672,0.5529994560899987,0.5530001706951873
unseen_cousin,unseen_cousin__frk2__so100large__ep000023__t0000,0.12379253398453319,0.1253491592623467,0.05222298390729474,1.2930164337158203,0.5700112288538766,0.5704782164372206
unseen_cousin,unseen_cousin__frk2__so100large__ep000024__t0039,0.00248013359854099,0.002480466205399434,0.001915967425288545,1.382260799407959,0.5542231500703325,0.55422324985239
unseen_cousin,unseen_cousin__frk2__so100large__ep000025__t0031,0.26661195227495615,0.2672290982991018,0.053796485763707436,1.229612946510315,0.5879677100157251,0.5881528538229688
unseen_cousin,unseen_cousin__frk2__so100large__ep000026__t0021,0.13680935587825688,0.13819369358441846,0.08020379673653055,1.4000591039657593,0.6251275873707399,0.6255428886825884
unseen_cousin,unseen_cousin__frk2__so100large__ep000027__t0015,0.12004764539916514,0.1210031514377583,0.07717269151667139,1.0750941038131714,0.48920374260001953,0.4894903944115975
unseen_cousin,unseen_cousin__frk2__so100large__ep000028__t0020,0.24637273676697796,0.24737832851587183,0.11972409205178536,1.4309115409851074,0.682193665039672,0.6824953425643402
unseen_cousin,unseen_cousin__frk2__so100large__ep000029__t0004,0.11490831634722529,0.11553296352724862,0.07273608732509962,0.9114534854888916,0.4208747152972542,0.42106210945126116
unseen_cousin,unseen_cousin__frk2__so100large__ep000030__t0012,0.11122038278079428,0.11099236841702043,0.06031065062756513,1.036347508430481,0.4659983133947002,0.4659299090855681
unseen_cousin,unseen_cousin__frk2__so100large__ep000031__t0036,0.10553045387269952,0.10535285365988667,0.043831656112434336,1.445816159248352,0.623135096694881,0.6230818166310371
unseen_cousin,unseen_cousin__frk2__so100large__ep000032__t0014,0.10447325392230591,0.10347532735254528,0.08089984229215708,0.9987373948097229,0.4551068867882281,0.45480750881729987
unseen_cousin,unseen_cousin__frk2__so100large__ep000033__t0015,0.22601772810180853,0.22723888142452908,0.05834381455377857,1.1729859113693237,0.5545028273444056,0.5548691733412218
unseen_cousin,unseen_cousin__frk2__so100large__ep000034__t0009,0.039158955943851555,0.03921210002409736,0.058183006889793054,1.5931506156921387,0.6664628351269489,0.6664787783510226
unseen_cousin,unseen_cousin__frk2__so100large__ep000035__t0034,0.11971699810152162,0.12044235835286221,0.043415119123944135,0.9487220644950867,0.4284284609656744,0.42864606904107655
unseen_cousin,unseen_cousin__frk2__so100large__ep000036__t0028,0.26046132351474577,0.26122529026613406,0.10995423929010739,1.1926658153533936,0.5881909949828135,0.5884201850082299
unseen_cousin,unseen_cousin__frk2__so100large__ep000037__t0005,0.13766475410536413,0.1377036693113569,0.05323598750047254,1.5923848152160645,0.6942241485681768,0.6942358231299747
unseen_cousin,unseen_cousin__frk2__so100large__ep000038__t0005,0.09631069083425195,0.09637584516792119,0.05029739038135428,1.1200093030929565,0.4919861456018645,0.49200569190196525
unseen_cousin,unseen_cousin__frk2__so100large__ep000039__t0020,0.01603402186211999,0.015977867583028993,0.05769508464201034,1.4810256958007812,0.6145290102715517,0.6145121639878244
unseen_cousin,unseen_cousin__frk2__so100large__ep000040__t0032,0.12246329390214061,0.1228098922338493,0.06059484438354967,1.6173310279846191,0.7018498526795548,0.7019538321790674
unseen_cousin,unseen_cousin__frk2__so100large__ep000041__t0031,0.18081523833961677,0.18152840090393496,0.0644636843308688,1.2908899784088135,0.589939668164671,0.5901536169339665
unseen_cousin,unseen_cousin__frk2__so100large__ep000042__t0006,0.1699689833089484,0.1702842230721585,0.08603549877731598,1.2562628984451294,0.579306504003931,0.579401075932894
unseen_cousin,unseen_cousin__frk2__so100large__ep000043__t0019,0.06528775418142686,0.06467702653233065,0.07589174980284508,1.0635970830917358,0.4677926844319759,0.4676094661372471
unseen_cousin,unseen_cousin__frk2__so100large__ep000044__t0035,0.08600287551974123,0.08549563465951993,0.03361416820409535,1.4792526960372925,0.627586191532068,0.6274340192740017
unseen_cousin,unseen_cousin__frk2__so100large__ep000045__t0018,0.09289066186049622,0.09463743180283479,0.057533976027136835,1.2095826864242554,0.5289604659359921,0.5294844969186936
unseen_cousin,unseen_cousin__frk2__so100large__ep000046__t0007,0.03020802413168141,0.030275498920158905,0.03233102710554625,1.1456629037857056,0.47702687688545053,0.4770471193219938
unseen_cousin,unseen_cousin__frk2__so100large__ep000047__t0035,0.00282523789168615,0.00282659989290579,0.0032188400733044187,1.3179702758789062,0.5290013337410597,0.5290017423414256
unseen_cousin,unseen_cousin__frk2__so100large__ep000048__t0021,0.03240175877489589,0.032556674289084486,0.07564131701446164,1.5769487619400024,0.6631924275128083,0.6632389021670648
unseen_cousin,unseen_cousin__frk2__so100large__ep000049__t0034,0.15977214748539154,0.1604921770266372,0.08481842746713841,0.716148853302002,0.3598367138065598,0.3600527226689335
unseen_general,unseen_general__CSCSXX__pick_place_cube_1.18__ep000000__t0006,0.16867233812945692,0.1680947959226955,0.11939826552593846,0.7935255169868469,0.4038313878913574,0.403658125229329
unseen_general,unseen_general__CSCSXX__pick_place_cube_1.18__ep000001__t0038,0.14353791461757953,0.1438787373431175,0.12906295241139543,1.3545666933059692,0.6236069374310802,0.6237091842487417
unseen_general,unseen_general__CSCSXX__pick_place_cube_1.18__ep000002__t0035,0.1807641466912667,0.18082493001983413,0.1405972703377013,1.177260160446167,0.5673124892871573,0.5673307242857274
unseen_general,unseen_general__CSCSXX__pick_place_cube_1.18__ep000003__t0037,0.08736256665923398,0.08752547689548673,0.10540908212400635,1.256103515625,0.5602729008849721,0.5603217739558479
unseen_general,unseen_general__CSCSXX__pick_place_cube_1.18__ep000004__t0018,0.11884606996395178,0.11817540964396955,0.1458473385151352,1.0755860805511475,0.5096424547641851,0.5094412566681904
unseen_general,unseen_general__CSCSXX__pick_place_cube_1.18__ep000005__t0028,0.22342306864975242,0.2219045874546398,0.11696415280642203,0.8797838687896729,0.4540297139527215,0.4535741695941877
unseen_general,unseen_general__CSCSXX__pick_place_cube_1.18__ep000006__t0005,0.2354397953858405,0.23592628846972508,0.07154052062402916,1.4752488136291504,0.6821936202546212,0.6823395681797865
unseen_general,unseen_general__CSCSXX__pick_place_cube_1.18__ep000007__t0038,0.10786370230532821,0.10790255328597798,0.08397008272062045,1.4591245651245117,0.6411999615575894,0.6412116168517843
unseen_general,unseen_general__CSCSXX__pick_place_cube_1.18__ep000008__t0024,0.15010313117069535,0.14963165329445416,0.09850974820434766,0.8863005042076111,0.42910406549555735,0.428962622132685
unseen_general,unseen_general__CSCSXX__pick_place_cube_1.18__ep000009__t0020,0.1527844778642869,0.15176067376514968,0.11722362283484344,0.9933884739875793,0.4783578198047709,0.4780506785750297
unseen_general,unseen_general__CSCSXX__pick_place_cube_1.18__ep000010__t0036,0.20149576292724214,0.20110135293564313,0.14890338731795272,1.3860176801681519,0.6595268171408193,0.6594084941433396
unseen_general,unseen_general__CSCSXX__pick_place_cube_1.18__ep000011__t0015,0.08848596101315279,0.08909922374683843,0.07108490538850543,0.7679567337036133,0.3550539534019428,0.35523793222204847
unseen_general,unseen_general__CSCSXX__pick_place_cube_1.18__ep000012__t0018,0.10741904473544892,0.1059560890962159,0.11522236247568285,0.5683940052986145,0.29415002428278536,0.2937111375910154
unseen_general,unseen_general__CSCSXX__pick_place_cube_1.18__ep000013__t0011,0.17123400684707768,0.17233813263504105,0.09051147695777584,1.1772006750106812,0.5494039151457285,0.5497351528821175
unseen_general,unseen_general__CSCSXX__pick_place_cube_1.18__ep000014__t0012,0.2296287469242835,0.23100911938244706,0.11983718122827869,1.156882882118225,0.5675929312930588,0.5680070430305078
unseen_general,unseen_general__CSCSXX__pick_place_cube_1.18__ep000015__t0011,0.14444625884203804,0.14488029126862256,0.13882377774434318,1.053383469581604,0.506334398808556,0.5064646085365314
unseen_general,unseen_general__CSCSXX__pick_place_cube_1.18__ep000016__t0002,0.1441673670654408,0.1453826022902973,0.13588636756029282,1.3161391019821167,0.6104717611805668,0.6108363317480237
unseen_general,unseen_general__CSCSXX__pick_place_cube_1.18__ep000017__t0039,0.11260281429208277,0.11215092015462946,0.10292350146444873,1.3068255186080933,0.5873881021701968,0.5872525339289607
unseen_general,unseen_general__CSCSXX__pick_place_cube_1.18__ep000018__t0042,0.16755634495040977,0.16849557060990472,0.11325772202108086,1.464180827140808,0.6699165509477705,0.670198318645619
unseen_general,unseen_general__CSCSXX__pick_place_cube_1.18__ep000019__t0016,0.16012824567529188,0.16046214111546853,0.1675322022184801,0.885387122631073,0.45245298342056084,0.4525531520526138
unseen_general,unseen_general__CSCSXX__pick_place_cube_1.18__ep000020__t0060,0.18981475780649337,0.18998928113776103,0.15307938500553808,1.56138277053833,0.7274213510589415,0.7274737080583218
unseen_general,unseen_general__CSCSXX__pick_place_cube_1.18__ep000021__t0004,0.1828252885173883,0.1827456011730817,0.08743453712141658,1.02552330493927,0.4912872696673495,0.4912633634640575
unseen_general,unseen_general__CSCSXX__pick_place_cube_1.18__ep000022__t0005,0.17574975960871733,0.17621831372745345,0.11046088101078566,1.2317326068878174,0.5785562349409779,0.5786968011765987
unseen_general,unseen_general__CSCSXX__pick_place_cube_1.18__ep000023__t0016,0.11754404341234335,0.11837097290827969,0.08545043661847451,0.8072963356971741,0.383816878288115,0.38406495713689587
unseen_general,unseen_general__CSCSXX__pick_place_cube_1.18__ep000024__t0019,0.0778142857031485,0.07781307917068969,0.15110017765348216,0.6342321634292603,0.3223672043786933,0.32236684241895563
unseen_general,unseen_general__CSCSXX__pick_place_cube_1.18__ep000025__t0004,0.1585707972631773,0.15960568016901833,0.10281357087851184,1.1357866525650024,0.5327299714685078,0.53304043634026
unseen_general,unseen_general__CSCSXX__pick_place_cube_1.18__ep000026__t0053,0.14982197829345345,0.14991961406506116,0.11837381078221698,1.300858736038208,0.6008022311379844,0.6008315218694668
unseen_general,unseen_general__CSCSXX__pick_place_cube_1.18__ep000027__t0010,0.1309065397475086,0.13124118332607237,0.07446006411539108,1.5248990058898926,0.671569583514827,0.6716699765883961
unseen_general,unseen_general__CSCSXX__pick_place_cube_1.18__ep000028__t0057,0.15586439644561229,0.1562458536155913,0.13386319899006194,1.3438987731933594,0.624477787908046,0.6245922250590397
unseen_general,unseen_general__CSCSXX__pick_place_cube_1.18__ep000029__t0050,0.14353154609199234,0.14361872579456758,0.12837603432918931,1.3927960395812988,0.638690689958874,0.6387168438696466
unseen_general,unseen_general__CSCSXX__pick_place_cube_1.18__ep000030__t0045,0.09152447323604279,0.09175724023959764,0.0966594400596652,1.449478268623352,0.6362464814380532,0.6363163115391197
unseen_general,unseen_general__CSCSXX__pick_place_cube_1.18__ep000031__t0033,0.17994169250711795,0.18007975893626849,0.14197176873121586,0.7079437375068665,0.3797515333742467,0.3797929533029919
unseen_general,unseen_general__CSCSXX__pick_place_cube_1.18__ep000032__t0017,0.15179624437596456,0.15008897261228382,0.1303753069587551,0.8820111155509949,0.4374559116208139,0.4369437300917096
unseen_general,unseen_general__CSCSXX__pick_place_cube_1.18__ep000033__t0033,0.1965263659238678,0.19623456322780153,0.12093982353954136,1.2225868701934814,0.5842746049164154,0.5841870641075955
unseen_general,unseen_general__CSCSXX__pick_place_cube_1.18__ep000034__t0015,0.1713149121443489,0.17186328195491596,0.12092600661633945,1.0632799863815308,0.5129842701808188,0.513148781123989
unseen_general,unseen_general__CSCSXX__pick_place_cube_1.18__ep000035__t0013,0.2152885765303763,0.21587349621221485,0.1746967477683138,1.1211251020431519,0.5654456381068678,0.5656211140114193
unseen_general,unseen_general__CSCSXX__pick_place_cube_1.18__ep000036__t0037,0.20537115197354747,0.20498517119276272,0.09090189930056891,1.4201574325561523,0.6569448884046959,0.6568290941704604
unseen_general,unseen_general__CSCSXX__pick_place_cube_1.18__ep000037__t0026,0.11329873306979649,0.11288213777497247,0.13413006801798322,1.07115638256073,0.502691193350626,0.5025662147621788
unseen_general,unseen_general__CSCSXX__pick_place_cube_1.18__ep000038__t0037,0.09579244870509826,0.0961615311908296,0.10349775532894412,1.045310139656067,0.4779111170726395,0.4780218418183589
unseen_general,unseen_general__CSCSXX__pick_place_cube_1.18__ep000039__t0017,0.08538400727837034,0.08519687477459026,0.10595850051316569,0.9577032923698425,0.44048406928539785,0.4404279295342638
unseen_general,unseen_general__CSCSXX__pick_place_cube_1.18__ep000040__t0028,0.1983772572640642,0.19857506224145383,0.10607862077818175,0.7881297469139099,0.40658866217823775,0.40664800367145465
unseen_general,unseen_general__CSCSXX__pick_place_cube_1.18__ep000041__t0031,0.1965178301197794,0.19626834846939112,0.13993747171070559,1.096570611000061,0.53956483494917,0.5394899904540534
unseen_general,unseen_general__CSCSXX__pick_place_cube_1.18__ep000042__t0045,0.18822553222586108,0.18808903759921358,0.14085211533547382,1.1323996782302856,0.5516831655605148,0.5516422171725205
unseen_general,unseen_general__CSCSXX__pick_place_cube_1.18__ep000043__t0005,0.2328516732269126,0.2340127913587886,0.07903398684166452,1.2782076597213745,0.604848761909123,0.6051970973486858
unseen_general,unseen_general__CSCSXX__pick_place_cube_1.18__ep000044__t0020,0.19063589116476826,0.1889293708967812,0.09559937437526855,0.8845453858375549,0.439688733997033,0.4391767779166369
unseen_general,unseen_general__CSCSXX__pick_place_cube_1.18__ep000045__t0039,0.1464534712476383,0.14678927606557812,0.09343312793860115,1.5957037210464478,0.710247468174451,0.7103482096198329
unseen_general,unseen_general__CSCSXX__pick_place_cube_1.18__ep000046__t0007,0.13383670603665973,0.13536642801519227,0.13446198260073372,1.1168018579483032,0.5272103497705394,0.5276692663640992
unseen_general,unseen_general__CSCSXX__pick_place_cube_1.18__ep000047__t0031,0.10811925083347534,0.10827693637260205,0.13715095084392226,1.4326887130737305,0.6466565457327116,0.6467038513944495
unseen_general,unseen_general__CSCSXX__pick_place_cube_1.18__ep000048__t0037,0.18307146853113188,0.18380600453418694,0.12557054599578454,1.6764506101608276,0.7631728484224061,0.7633932092233225
unseen_general,unseen_general__CSCSXX__pick_place_cube_1.18__ep000049__t0021,0.13279430698199632,0.13229280820638512,0.14944849284277306,1.1997250318527222,0.5645628526885197,0.5644124030558364
unseen_general,unseen_general__ZGGZZG__so100_drop0__ep000000__t0024,0.37844113861141915,0.37527556735614187,0.10783412413207394,0.8714048862457275,0.494444533321339,0.4934948619447558
unseen_general,unseen_general__ZGGZZG__so100_drop0__ep000001__t0031,0.5232298796645825,0.5239476088780023,0.1810853002588385,0.6438979506492615,0.4688537342367309,0.46906905300075685
unseen_general,unseen_general__ZGGZZG__so100_drop0__ep000002__t0002,0.008075112332498913,0.008078900371603193,0.019000293792008627,1.4604970216751099,0.5923214305073962,0.5923225669191274
unseen_general,unseen_general__ZGGZZG__so100_drop0__ep000003__t0034,0.08195099833873265,0.08192633273297634,0.03336907692233715,1.1427243947982788,0.4916857804976325,0.4916783808159056
unseen_general,unseen_general__ZGGZZG__so100_drop0__ep000004__t0014,0.10856633824844036,0.10480925231287308,0.07247775425233616,1.291223406791687,0.5708025904669077,0.5696754646862375
unseen_general,unseen_general__ZGGZZG__so100_drop0__ep000005__t0028,0.11564087408273868,0.11584253864727179,0.060032402260873474,0.9043025970458984,0.414423021721443,0.41448352109080294
unseen_general,unseen_general__ZGGZZG__so100_drop0__ep000006__t0047,0.17286236868060323,0.1745336049570243,0.07208561286462578,0.9971797466278076,0.47235629311469174,0.4728576639976181
unseen_general,unseen_general__ZGGZZG__so100_drop0__ep000007__t0050,0.35746760044271786,0.3638646398891393,0.11108756178834556,1.4902186393737793,0.7366540044188308,0.7385731162527571
unseen_general,unseen_general__ZGGZZG__so100_drop0__ep000008__t0021,0.17655727251780892,0.17229203601973675,0.07352074128127106,1.2304726839065552,0.5672124777023461,0.5659329067529244
unseen_general,unseen_general__ZGGZZG__so100_drop0__ep000009__t0042,0.05770538345663182,0.05711055784406527,0.056488128987112196,0.9320983290672302,0.4070973853600153,0.4069189376762453
unseen_general,unseen_general__ZGGZZG__so100_drop0__ep000010__t0054,0.24428460612780592,0.24521262708320968,0.12169493933077424,0.8619203567504883,0.4545620063377694,0.4548404126243905
unseen_general,unseen_general__ZGGZZG__so100_drop0__ep000011__t0003,0.01621413181062705,0.016239280496054387,0.026649281967520255,1.5395550727844238,0.6286810532472138,0.628688597852842
unseen_general,unseen_general__ZGGZZG__so100_drop0__ep000012__t0012,0.060992919280455284,0.05904889596569407,0.048855492622697394,1.31080162525177,0.5572751736716539,0.5566919666772255
unseen_general,unseen_general__ZGGZZG__so100_drop0__ep000013__t0018,0.058016258777010124,0.05593499109157374,0.06356429576295841,1.342189908027649,0.5733501295730501,0.5727257492674193
unseen_general,unseen_general__ZGGZZG__so100_drop0__ep000014__t0028,0.14788784124339815,0.14608303063873285,0.053503327286816504,1.2162889242172241,0.5469329202459541,0.5463914770645545
unseen_general,unseen_general__ZGGZZG__so100_drop0__ep000015__t0005,0.006723904252242827,0.006727590231200398,0.02588494490744142,1.4658221006393433,0.5961114950036426,0.5961126007973299
unseen_general,unseen_general__ZGGZZG__so100_drop0__ep000016__t0104,0.3788800237084432,0.3858405391373976,0.09622805163855852,1.3642374277114868,0.6882273936886952,0.6903155483173815
unseen_general,unseen_general__ZGGZZG__so100_drop0__ep000017__t0009,0.012289911374501056,0.012272061527745293,0.033341763447689465,1.5300785303115845,0.625720914571291,0.6257155596172643
unseen_general,unseen_general__ZGGZZG__so100_drop0__ep000018__t0003,0.009222697775912662,0.009220812380426269,0.017948546136196675,1.5262483358383179,0.61865070750896,0.6186501418903141
unseen_general,unseen_general__ZGGZZG__so100_drop0__ep000019__t0015,0.17467745705105794,0.17141990876880786,0.0798902535232342,1.2342549562454224,0.5700722956704566,0.5690950311857816
unseen_general,unseen_general__ZGGZZG__so100_drop0__ep000021__t0081,0.16738901761130628,0.16763650804716856,0.0844992030627526,0.9679940342903137,0.4627640799183432,0.4628383270491018
unseen_general,unseen_general__ZGGZZG__so100_drop0__ep000022__t0024,0.1447223356019567,0.1433684598889653,0.05533353594856838,1.096461296081543,0.4986012798977747,0.4981951171838773
unseen_general,unseen_general__ZGGZZG__so100_drop0__ep000023__t0077,0.16009147893284936,0.1608631265125523,0.09683348087335197,0.7909674644470215,0.39346447372066906,0.3936959679945799
unseen_general,unseen_general__ZGGZZG__so100_drop0__ep000024__t0073,0.3732790236054845,0.3770002309115428,0.13719244489305704,1.4991852045059204,0.7528155223519306,0.7539318845437482
unseen_general,unseen_general__ZGGZZG__so100_drop0__ep000025__t0015,0.03356824111030475,0.03316823782225031,0.04243337560584559,1.4718250036239624,0.6115304864644301,0.6114104854780138
unseen_general,unseen_general__ZGGZZG__so100_drop0__ep000026__t0050,0.24812015593146702,0.25371283099308994,0.08262041534929332,1.0705852508544922,0.5274562717260249,0.5291340742445119
unseen_general,unseen_general__ZGGZZG__so100_drop0__ep000027__t0011,0.010817684748978866,0.010820805340774009,0.024424032589413502,1.4852681159973145,0.6046797616004435,0.6046806977779821
unseen_general,unseen_general__ZGGZZG__so100_drop0__ep000028__t0047,0.11068746371475285,0.11056340327697078,0.038649694118751854,1.3243722915649414,0.5745500639760279,0.5745128458446933
unseen_general,unseen_general__ZGGZZG__so100_drop0__ep000029__t0014,0.030864205494085813,0.03043095707907284,0.0308221877642727,1.4464606046676636,0.597090159844573,0.5969601853200691
unseen_general,unseen_general__ZGGZZG__so100_drop0__ep000030__t0004,0.007702384719929775,0.007708641586159692,0.01773935377255087,1.4919363260269165,0.6044070519585109,0.6044089290183798
unseen_general,unseen_general__ZGGZZG__so100_drop0__ep000031__t0077,0.4702664134496766,0.47195464793345443,0.094492204187552,1.4863290786743164,0.7639592167608951,0.7644656871060285
unseen_general,unseen_general__ZGGZZG__so100_drop0__ep000032__t0002,0.008525367240396153,0.008525845789135178,0.01729808199625449,1.5045887231826782,0.6095825240440664,0.6095826676086882
