tier,sample,dino_pf,dino_flat,video,action,total_pf,total_flat
unseen_cousin,unseen_cousin__aractingi__push_cube_offline_data__ep000000__t0001,0.10865339363900425,0.10913835512142422,0.06634802504579274,0.8857902884483337,0.4068165409847726,0.40696202942949855
unseen_cousin,unseen_cousin__aractingi__push_cube_offline_data__ep000001__t0024,0.09379054285891066,0.09386927918692545,0.07180360727982349,0.7627816200256348,0.35479089305187417,0.35481451395027863
unseen_cousin,unseen_cousin__aractingi__push_cube_offline_data__ep000002__t0006,0.22646479672460673,0.22703685914871374,0.11045859727700058,0.9115822315216064,0.4657099108091248,0.4658815295363569
unseen_cousin,unseen_cousin__aractingi__push_cube_offline_data__ep000003__t0002,0.23186254068719503,0.23286831783126571,0.07822821239102506,0.8880435824394226,0.4482446588992351,0.4485463920424563
unseen_cousin,unseen_cousin__aractingi__push_cube_offline_data__ep000004__t0016,0.10650794050964713,0.10694394628626336,0.09768170175976698,0.5999189615249634,0.3012244772908096,0.30135527902379444
unseen_cousin,unseen_cousin__aractingi__push_cube_offline_data__ep000005__t0030,0.13638823641804965,0.136446952796754,0.0710414613832483,0.8159530162811279,0.38861011585284055,0.38862773076645185
unseen_cousin,unseen_cousin__aractingi__push_cube_offline_data__ep000006__t0032,0.16361161196804205,0.16451805743597347,0.08020501746762165,0.8496049046516418,0.4129869506913558,0.4132588843317353
unseen_cousin,unseen_cousin__aractingi__push_cube_offline_data__ep000007__t0015,0.21877833448745176,0.21879812332107273,0.12483550766231954,0.6500579714775085,0.3631073412359348,0.3631132778860211
unseen_cousin,unseen_cousin__aractingi__push_cube_offline_data__ep000008__t0012,0.10902337832996767,0.1090318012953474,0.07793788894576337,0.6101800799369812,0.30016041215751177,0.3001629390471257
unseen_cousin,unseen_cousin__aractingi__push_cube_offline_data__ep000009__t0038,0.18653713580321896,0.1877729635962897,0.09059431896114833,0.7460883259773254,0.3815747668202404,0.38194551515816155
unseen_cousin,unseen_cousin__aractingi__push_cube_offline_data__ep000010__t0030,0.11247231717515305,0.11194325115395676,0.08013983229904287,0.7458462715148926,0.35612215344821585,0.35596343364185695
unseen_cousin,unseen_cousin__aractingi__push_cube_offline_data__ep000011__t0045,0.09604167416389392,0.09598949114666155,0.0762086097557707,0.6751314997673035,0.3217276850828208,0.32171203017765104
unseen_cousin,unseen_cousin__aractingi__push_cube_offline_data__ep000012__t0018,0.09541307327016778,0.09578709168267563,0.05787630737241545,0.4860621988773346,0.2404116937437088,0.24052389926746115
unseen_cousin,unseen_cousin__aractingi__push_cube_offline_data__ep000013__t0013,0.15410723005488214,0.15403844836128244,0.060216668932874584,0.9403502941131592,0.4404372873415907,0.4404166528335108
unseen_cousin,unseen_cousin__aractingi__push_cube_offline_data__ep000014__t0016,0.11762834200425676,0.11766619946530898,0.0725612740922702,0.6670596599578857,0.32388074881211243,0.32389210605042806
unseen_cousin,unseen_cousin__aractingi__push_cube_offline_data__ep000015__t0004,0.25983470254201285,0.26077447614346994,0.09798231039059668,0.394305020570755,0.26506711210808487,0.265349044188522
unseen_cousin,unseen_cousin__aractingi__push_cube_offline_data__ep000016__t0018,0.09593794236988025,0.0959226890473408,0.0753456622355394,0.5401824712753296,0.26745806989175774,0.2674534938949959
unseen_cousin,unseen_cousin__aractingi__push_cube_offline_data__ep000017__t0004,0.21664592763842666,0.21680481701903875,0.12939585582316704,1.0482045412063599,0.5230943515210221,0.5231420183352057
unseen_cousin,unseen_cousin__aractingi__push_cube_offline_data__ep000018__t0006,0.21578072506883866,0.21755239329886367,0.07753579055576643,0.5394651889801025,0.30378103027942255,0.30431253074843
unseen_cousin,unseen_cousin__aractingi__push_cube_offline_data__ep000019__t0079,0.0817266088850168,0.08157451428247853,0.09341577652300426,0.36737778782844543,0.1994938307537845,0.19944820237302302
unseen_cousin,unseen_cousin__aractingi__push_cube_offline_data__ep000020__t0064,0.16903368264881538,0.16758289540101523,0.1018918449490932,0.6698265671730042,0.3492082851485742,0.34877304897423417
unseen_cousin,unseen_cousin__aractingi__push_cube_offline_data__ep000021__t0008,0.1454853349729808,0.1466630530695221,0.12985936739978798,0.620669424533844,0.33087118052536824,0.3312244959543306
unseen_cousin,unseen_cousin__aractingi__push_cube_offline_data__ep000022__t0022,0.08893296370264184,0.08898501556933269,0.09652155301239418,0.6218757629394531,0.30438666019029204,0.3044022757502993
unseen_cousin,unseen_cousin__aractingi__push_cube_offline_data__ep000023__t0051,0.22087516008569769,0.22076375628429412,0.09410748177236905,0.7036557793617249,0.37595710430210993,0.3759236831616889
unseen_cousin,unseen_cousin__aractingi__push_cube_offline_data__ep000024__t0019,0.11894467936597886,0.11876586560669444,0.07459686716804237,0.7928907871246338,0.3752187788100599,0.3751651346822745
unseen_cousin,unseen_cousin__aractingi__push_cube_offline_data__ep000025__t0004,0.1103732984005132,0.11067648521905671,0.08545433896962551,0.7283739447593689,0.35009786911478913,0.3501888251603522
unseen_cousin,unseen_cousin__aractingi__push_cube_offline_data__ep000026__t0004,0.40118820343996936,0.4014000869615282,0.1041091291895222,0.7350916862487793,0.44562587428835915,0.4456894393448268
unseen_cousin,unseen_cousin__aractingi__push_cube_offline_data__ep000027__t0006,0.13955649856366642,0.13972551876437966,0.07732312748303871,0.6133313775062561,0.310396438816514,0.310447144876728
unseen_cousin,unseen_cousin__aractingi__push_cube_offline_data__ep000028__t0011,0.16716899705827598,0.1672216564587895,0.11648261094956114,0.7277231216430664,0.3761847310595777,0.37620052887973177
unseen_cousin,unseen_cousin__aractingi__push_cube_offline_data__ep000029__t0002,0.2005158634075554,0.19978559518630012,0.0976665690977555,0.8717743754386902,0.4381644799270694,0.4379453994606928
unseen_cousin,unseen_cousin__frk2__so100large__ep000000__t0043,0.07542398788402613,0.07544755081707455,0.05665223903462313,1.0913734436035156,0.47617224551700105,0.4761793143969156
unseen_cousin,unseen_cousin__frk2__so100large__ep000001__t0021,0.1099525618826314,0.11073386424337395,0.06710611314842163,1.2294368743896484,0.5448923522651753,0.545126742973398
unseen_cousin,unseen_cousin__frk2__so100large__ep000002__t0030,0.321900430505369,0.32418380178451167,0.07128798640639478,1.4803475141525269,0.7100955307345399,0.7107805421182827
unseen_cousin,unseen_cousin__frk2__so100large__ep000003__t0035,0.2097367355087003,0.21001344732634275,0.08092912241967576,1.032889485359192,0.5003555515221896,0.5004385650674823
unseen_cousin,unseen_cousin__frk2__so100large__ep000004__t0006,0.09895670940744693,0.09898039220026933,0.1175557843213082,1.0692200660705566,0.4926417745468492,0.4926488793846959
unseen_cousin,unseen_cousin__frk2__so100large__ep000005__t0022,0.1771790067735555,0.17835670330420106,0.0773409706462237,1.3201297521591187,0.6044078940895813,0.6047612030487749
unseen_cousin,unseen_cousin__frk2__so100large__ep000006__t0027,0.35716237227395975,0.35735817650160684,0.08690766482282053,1.029746651649475,0.5451196717888241,0.5451784130571182
unseen_cousin,unseen_cousin__frk2__so100large__ep000007__t0020,0.2425662886675966,0.24275306904887084,0.10210278508234705,1.134652853012085,0.5572618633298171,0.5573178974441994
unseen_cousin,unseen_cousin__frk2__so100large__ep000008__t0039,0.27149289398605836,0.272342635490607,0.07184438788278913,1.3666257858276367,0.6496514988917089,0.6499064213430735
unseen_cousin,unseen_cousin__frk2__so100large__ep000009__t0040,0.23853576594358386,0.24108206449196246,0.060762763840776834,1.371313214302063,0.6383148446561334,0.639078734220647
unseen_cousin,unseen_cousin__frk2__so100large__ep000010__t0013,0.1046741621176792,0.10640416855173818,0.0582566936707144,1.1887340545654297,0.52437287856269,0.5248918804929077
unseen_cousin,unseen_cousin__frk2__so100large__ep000011__t0035,0.02704745988459581,0.02704563206033961,0.03296712811736213,1.2835415601730347,0.5314210004698012,0.5314204521225243
unseen_cousin,unseen_cousin__frk2__so100large__ep000012__t0030,0.19907349026053994,0.19868311288769214,0.048307303500547016,1.4302257299423218,0.6463045301052548,0.6461874168934005
unseen_cousin,unseen_cousin__frk2__so100large__ep000013__t0028,0.21785651045790227,0.2172200514476199,0.05991253277033315,1.4219213724136353,0.6520992619339248,0.6519083242308401
unseen_cousin,unseen_cousin__frk2__so100large__ep000014__t0033,0.37486462255145847,0.3773334677193978,0.08012358061718505,1.4161053895950317,0.7029386167886058,0.7036792703389876
unseen_cousin,unseen_cousin__frk2__so100large__ep000015__t0016,0.08117911071752673,0.08116273151262088,0.0872945681098144,0.9839972853660583,0.44414101779462567,0.4441361040331539
unseen_cousin,unseen_cousin__frk2__so100large__ep000016__t0003,0.038186976726741186,0.03822183419494829,0.06748932228092852,1.2198454141616821,0.5196410553669738,0.5196515126074359
unseen_cousin,unseen_cousin__frk2__so100large__ep000017__t0035,0.09944121596859931,0.09850374071801205,0.03852993940028249,1.336910605430603,0.5761555887829058,0.5758743462077296
unseen_cousin,unseen_cousin__frk2__so100large__ep000018__t0000,0.05613604629650031,0.05636449846282299,0.046543651581824164,1.19796621799469,0.5099903965613733,0.5100589322112701
unseen_cousin,unseen_cousin__frk2__so100large__ep000019__t0005,0.08627728531852316,0.08628452684117471,0.07432686691236301,0.9318139553070068,0.4209068277920686,0.4209090002488641
unseen_cousin,unseen_cousin__frk2__so100large__ep000020__t0025,0.08358804384851172,0.08329430788751846,0.024511888737020482,1.3734664916992188,0.5818165764553471,0.5817284556670491
unseen_cousin,unseen_cousin__frk2__so100large__ep000021__t0042,0.0036753014109156407,0.0036798075599973057,0.01507674959618277,1.3650588989257812,0.5516491748724421,0.5516505267171666
unseen_cousin,unseen_cousin__frk2__so100large__ep000022__t0040,0.008837029975205288,0.008839411992500712,0.0115803667896337,1.3671859502792358,0.552999599141146,0.5530003137463346
unseen_cousin,unseen_cousin__frk2__so100large__ep000023__t0000,0.12379253398453317,0.12534915926234658,0.05222298390729474,1.2930163145065308,0.5700111811701607,0.5704781687535047
unseen_cousin,unseen_cousin__frk2__so100large__ep000024__t0039,0.0024801335985410178,0.002480466205399545,0.001915967425288545,1.3822609186172485,0.5542231977540483,0.5542232975361059
unseen_cousin,unseen_cousin__frk2__so100large__ep000025__t0031,0.26661195227495615,0.2672290982991017,0.053796485763707436,1.2296134233474731,0.5879679007505884,0.588153044557832
unseen_cousin,unseen_cousin__frk2__so100large__ep000026__t0021,0.13680935587825688,0.13819369358441835,0.08020379673653066,1.4000592231750488,0.6251276350544558,0.6255429363663043
unseen_cousin,unseen_cousin__frk2__so100large__ep000027__t0015,0.1200476453991651,0.1210031514377582,0.07717269151667139,1.0750941038131714,0.48920374260001953,0.4894903944115975
unseen_cousin,unseen_cousin__frk2__so100large__ep000028__t0020,0.24637273676697796,0.24737832851587183,0.11972409205178536,1.4309115409851074,0.682193665039672,0.6824953425643402
unseen_cousin,unseen_cousin__frk2__so100large__ep000029__t0004,0.11490831634722529,0.11553296352724862,0.07273608732509962,0.9114534258842468,0.42087469145539624,0.4210620856094032
unseen_cousin,unseen_cousin__frk2__so100large__ep000030__t0012,0.1112203827807943,0.11099236841702043,0.06031065062756513,1.0363478660583496,0.4659984564458477,0.46593005213671557
unseen_cousin,unseen_cousin__frk2__so100large__ep000031__t0036,0.10553045387269952,0.10535285365988678,0.04383165611243445,1.445816159248352,0.623135096694881,0.6230818166310372
unseen_cousin,unseen_cousin__frk2__so100large__ep000032__t0014,0.10447325392230586,0.10347532735254528,0.08089984229215708,0.9987373948097229,0.4551068867882281,0.45480750881729987
unseen_cousin,unseen_cousin__frk2__so100large__ep000033__t0015,0.2260177281018086,0.2272388814245292,0.05834381455377857,1.1729857921600342,0.5545027796606898,0.554869125657506
unseen_cousin,unseen_cousin__frk2__so100large__ep000034__t0009,0.039158955943851555,0.03921210002409736,0.058183006889793054,1.5931506156921387,0.6664628351269489,0.6664787783510226
unseen_cousin,unseen_cousin__frk2__so100large__ep000035__t0034,0.11971699810152163,0.12044235835286232,0.043415119123944246,0.9487220644950867,0.42842846096567444,0.4286460690410766
unseen_cousin,unseen_cousin__frk2__so100large__ep000036__t0028,0.26046132351474577,0.26122529026613395,0.10995423929010739,1.1926658153533936,0.5881909949828135,0.5884201850082299
unseen_cousin,unseen_cousin__frk2__so100large__ep000037__t0005,0.13766475410536416,0.13770366931135702,0.05323598750047254,1.5923848152160645,0.6942241485681768,0.6942358231299748
unseen_cousin,unseen_cousin__frk2__so100large__ep000038__t0005,0.09631069083425195,0.09637584516792108,0.05029739038135428,1.1200093030929565,0.4919861456018645,0.49200569190196525
unseen_cousin,unseen_cousin__frk2__so100large__ep000039__t0020,0.01603402186212001,0.015977867583028993,0.05769508464201045,1.4810255765914917,0.6145289625878358,0.6145121163041085
unseen_cousin,unseen_cousin__frk2__so100large__ep000040__t0032,0.12246329390214059,0.12280989223384942,0.06059484438354967,1.6173313856124878,0.7018499957307023,0.7019539752302149
unseen_cousin,unseen_cousin__frk2__so100large__ep000041__t0031,0.18081523833961674,0.18152840090393507,0.0644636843308688,1.290890097618103,0.5899397158483869,0.5901536646176824
unseen_cousin,unseen_cousin__frk2__so100large__ep000042__t0006,0.16996898330894844,0.17028422307215862,0.08603549877731598,1.2562628984451294,0.579306504003931,0.5794010759328941
unseen_cousin,unseen_cousin__frk2__so100large__ep000043__t0019,0.06528775418142688,0.06467702653233065,0.07589174980284508,1.0635970830917358,0.4677926844319759,0.4676094661372471
unseen_cousin,unseen_cousin__frk2__so100large__ep000044__t0035,0.08600287551974119,0.08549563465951981,0.03361416820409535,1.4792526960372925,0.627586191532068,0.6274340192740016
unseen_cousin,unseen_cousin__frk2__so100large__ep000045__t0018,0.0928906618604962,0.09463743180283479,0.057533976027136835,1.209582805633545,0.528960513619708,0.5294845446024095
unseen_cousin,unseen_cousin__frk2__so100large__ep000046__t0007,0.03020802413168141,0.030275498920159016,0.03233102710554636,1.1456629037857056,0.4770268768854506,0.4770471193219939
unseen_cousin,unseen_cousin__frk2__so100large__ep000047__t0035,0.002825237891686129,0.00282659989290579,0.0032188400733044187,1.3179701566696167,0.5290012860573439,0.5290016946577097
unseen_cousin,unseen_cousin__frk2__so100large__ep000048__t0021,0.03240175877489589,0.032556674289084486,0.07564131701446164,1.5769487619400024,0.6631924275128083,0.6632389021670648
unseen_cousin,unseen_cousin__frk2__so100large__ep000049__t0034,0.15977214748539154,0.1604921770266371,0.08481842746713841,0.716148853302002,0.3598367138065598,0.36005272266893346
unseen_general,unseen_general__CSCSXX__pick_place_cube_1.18__ep000000__t0006,0.16867233812945695,0.1680947959226955,0.11939826552593846,0.7935255169868469,0.4038313878913574,0.403658125229329
unseen_general,unseen_general__CSCSXX__pick_place_cube_1.18__ep000001__t0038,0.14353791461757953,0.1438787373431175,0.12906295241139543,1.3545666933059692,0.6236069374310802,0.6237091842487417
unseen_general,unseen_general__CSCSXX__pick_place_cube_1.18__ep000002__t0035,0.1807641466912667,0.18082493001983413,0.1405972703377013,1.177260398864746,0.5673125846545889,0.5673308196531591
unseen_general,unseen_general__CSCSXX__pick_place_cube_1.18__ep000003__t0037,0.08736256665923398,0.08752547689548684,0.10540908212400635,1.2561036348342896,0.5602729485686879,0.5603218216395638
unseen_general,unseen_general__CSCSXX__pick_place_cube_1.18__ep000004__t0018,0.11884606996395175,0.11817540964396955,0.1458473385151352,1.0755858421325684,0.5096423593967534,0.5094411613007588
unseen_general,unseen_general__CSCSXX__pick_place_cube_1.18__ep000005__t0028,0.22342306864975242,0.2219045874546398,0.11696415280642225,0.8797836303710938,0.4540296185852899,0.4535740742267561
unseen_general,unseen_general__CSCSXX__pick_place_cube_1.18__ep000006__t0005,0.23543979538584053,0.2359262884697252,0.07154052062402927,1.475249171257019,0.6821937633057685,0.682339711230934
unseen_general,unseen_general__CSCSXX__pick_place_cube_1.18__ep000007__t0038,0.10786370230532824,0.10790255328597786,0.08397008272062056,1.4591246843338013,0.6412000092413052,0.6412116645355
unseen_general,unseen_general__CSCSXX__pick_place_cube_1.18__ep000008__t0024,0.15010313117069538,0.14963165329445427,0.09850974820434777,0.8863007426261902,0.4291041608629891,0.4289627175001167
unseen_general,unseen_general__CSCSXX__pick_place_cube_1.18__ep000009__t0020,0.15278447786428692,0.15176067376514957,0.11722362283484344,0.9933884143829346,0.47835779596291295,0.47805065473317176
unseen_general,unseen_general__CSCSXX__pick_place_cube_1.18__ep000010__t0036,0.20149576292724214,0.20110135293564313,0.14890338731795272,1.3860176801681519,0.6595268171408193,0.6594084941433396
unseen_general,unseen_general__CSCSXX__pick_place_cube_1.18__ep000011__t0015,0.08848596101315281,0.08909922374683832,0.07108490538850543,0.7679566740989685,0.35505392956008486,0.35523790838019054
unseen_general,unseen_general__CSCSXX__pick_place_cube_1.18__ep000012__t0018,0.10741904473544892,0.1059560890962159,0.11522236247568296,0.568393886089325,0.29414997659906955,0.29371108990729966
unseen_general,unseen_general__CSCSXX__pick_place_cube_1.18__ep000013__t0011,0.17123400684707768,0.17233813263504094,0.09051147695777595,1.1772019863128662,0.5494044396666026,0.5497356774029916
unseen_general,unseen_general__CSCSXX__pick_place_cube_1.18__ep000014__t0012,0.22962874692428353,0.23100911938244706,0.11983718122827869,1.1568831205368042,0.5675930266604904,0.5680071383979394
unseen_general,unseen_general__CSCSXX__pick_place_cube_1.18__ep000015__t0011,0.144446258842038,0.14488029126862256,0.13882377774434318,1.053383469581604,0.506334398808556,0.5064646085365314
unseen_general,unseen_general__CSCSXX__pick_place_cube_1.18__ep000016__t0002,0.14416736706544078,0.14538260229029754,0.13588636756029282,1.3161391019821167,0.6104717611805668,0.6108363317480238
unseen_general,unseen_general__CSCSXX__pick_place_cube_1.18__ep000017__t0039,0.1126028142920828,0.11215092015462969,0.10292350146444862,1.3068255186080933,0.5873881021701968,0.5872525339289607
unseen_general,unseen_general__CSCSXX__pick_place_cube_1.18__ep000018__t0042,0.16755634495040975,0.16849557060990472,0.11325772202108086,1.4641809463500977,0.6699165986314862,0.6701983663293347
unseen_general,unseen_general__CSCSXX__pick_place_cube_1.18__ep000019__t0016,0.16012824567529188,0.16046214111546864,0.1675322022184801,0.8853872418403625,0.4524530311042766,0.4525531997363297
unseen_general,unseen_general__CSCSXX__pick_place_cube_1.18__ep000020__t0060,0.18981475780649337,0.18998928113776092,0.15307938500553808,1.5613828897476196,0.7274213987426573,0.7274737557420377
unseen_general,unseen_general__CSCSXX__pick_place_cube_1.18__ep000021__t0004,0.18282528851738827,0.1827456011730817,0.08743453712141647,1.025523066520691,0.49128717429991786,0.49126326809662585
unseen_general,unseen_general__CSCSXX__pick_place_cube_1.18__ep000022__t0005,0.17574975960871733,0.17621831372745356,0.11046088101078577,1.231732726097107,0.5785562826246937,0.5786968488603146
unseen_general,unseen_general__CSCSXX__pick_place_cube_1.18__ep000023__t0016,0.11754404341234337,0.11837097290827969,0.08545043661847451,0.8072964549064636,0.38381692597183087,0.38406500482061173
unseen_general,unseen_general__CSCSXX__pick_place_cube_1.18__ep000024__t0019,0.0778142857031485,0.07781307917068958,0.15110017765348227,0.6342321038246155,0.32236718053683544,0.32236681857709776
unseen_general,unseen_general__CSCSXX__pick_place_cube_1.18__ep000025__t0004,0.15857079726317727,0.15960568016901833,0.10281357087851195,1.135787010192871,0.5327301145196552,0.5330405793914076
unseen_general,unseen_general__CSCSXX__pick_place_cube_1.18__ep000026__t0053,0.14982197829345345,0.1499196140650615,0.11837381078221698,1.3008586168289185,0.6008021834542685,0.600831474185751
unseen_general,unseen_general__CSCSXX__pick_place_cube_1.18__ep000027__t0010,0.13090653974750863,0.13124118332607237,0.07446006411539108,1.5248991250991821,0.6715696311985428,0.671670024272112
unseen_general,unseen_general__CSCSXX__pick_place_cube_1.18__ep000028__t0057,0.1558643964456123,0.1562458536155913,0.13386319899006194,1.343898892402649,0.624477835591762,0.6245922727427555
unseen_general,unseen_general__CSCSXX__pick_place_cube_1.18__ep000029__t0050,0.14353154609199237,0.14361872579456758,0.12837603432918931,1.3927960395812988,0.638690689958874,0.6387168438696466
unseen_general,unseen_general__CSCSXX__pick_place_cube_1.18__ep000030__t0045,0.09152447323604276,0.09175724023959764,0.0966594400596652,1.4494785070419312,0.6362465768054848,0.6363164069065513
unseen_general,unseen_general__CSCSXX__pick_place_cube_1.18__ep000031__t0033,0.17994169250711795,0.1800797589362686,0.14197176873121597,0.7079437375068665,0.3797515333742467,0.37979295330299195
unseen_general,unseen_general__CSCSXX__pick_place_cube_1.18__ep000032__t0017,0.15179624437596456,0.15008897261228382,0.1303753069587551,0.8820109963417053,0.43745586393709807,0.43694368240799386
unseen_general,unseen_general__CSCSXX__pick_place_cube_1.18__ep000033__t0033,0.1965263659238678,0.19623456322780153,0.12093982353954147,1.22258722782135,0.5842747479675628,0.584187207158743
unseen_general,unseen_general__CSCSXX__pick_place_cube_1.18__ep000034__t0015,0.1713149121443489,0.17186328195491596,0.12092600661633945,1.0632797479629517,0.5129841748133872,0.5131486857565573
unseen_general,unseen_general__CSCSXX__pick_place_cube_1.18__ep000035__t0013,0.2152885765303763,0.21587349621221497,0.1746967477683138,1.121125340461731,0.5654457334742995,0.5656212093788511
unseen_general,unseen_general__CSCSXX__pick_place_cube_1.18__ep000036__t0037,0.20537115197354747,0.20498517119276272,0.0909018993005688,1.4201574325561523,0.6569448884046959,0.6568290941704604
unseen_general,unseen_general__CSCSXX__pick_place_cube_1.18__ep000037__t0026,0.11329873306979649,0.11288213777497258,0.13413006801798322,1.0711565017700195,0.5026912410343417,0.5025662624458946
unseen_general,unseen_general__CSCSXX__pick_place_cube_1.18__ep000038__t0037,0.09579244870509827,0.0961615311908296,0.10349775532894401,1.045310139656067,0.47791111707263945,0.4780218418183589
unseen_general,unseen_general__CSCSXX__pick_place_cube_1.18__ep000039__t0017,0.08538400727837035,0.08519687477459026,0.10595850051316569,0.9577033519744873,0.4404840931272558,0.44042795337612173
unseen_general,unseen_general__CSCSXX__pick_place_cube_1.18__ep000040__t0028,0.1983772572640642,0.19857506224145383,0.10607862077818186,0.7881297469139099,0.40658866217823775,0.4066480036714547
unseen_general,unseen_general__CSCSXX__pick_place_cube_1.18__ep000041__t0031,0.19651783011977939,0.19626834846939112,0.1399374717107057,1.096570372581482,0.5395647395817383,0.5394898950866218
unseen_general,unseen_general__CSCSXX__pick_place_cube_1.18__ep000042__t0045,0.18822553222586108,0.18808903759921336,0.14085211533547382,1.1323996782302856,0.5516831655605148,0.5516422171725204
unseen_general,unseen_general__CSCSXX__pick_place_cube_1.18__ep000043__t0005,0.2328516732269126,0.2340127913587886,0.07903398684166452,1.2782081365585327,0.6048489526439862,0.605197288083549
unseen_general,unseen_general__CSCSXX__pick_place_cube_1.18__ep000044__t0020,0.19063589116476828,0.1889293708967812,0.09559937437526844,0.8845450282096863,0.4396885909458855,0.4391766348654894
unseen_general,unseen_general__CSCSXX__pick_place_cube_1.18__ep000045__t0039,0.1464534712476383,0.14678927606557812,0.09343312793860115,1.5957039594650269,0.7102475635418826,0.7103483049872645
unseen_general,unseen_general__CSCSXX__pick_place_cube_1.18__ep000046__t0007,0.13383670603665973,0.13536642801519216,0.13446198260073394,1.1168022155761719,0.5272104928216869,0.5276694094152466
unseen_general,unseen_general__CSCSXX__pick_place_cube_1.18__ep000047__t0031,0.10811925083347533,0.10827693637260227,0.13715095084392237,1.4326887130737305,0.6466565457327116,0.6467038513944496
unseen_general,unseen_general__CSCSXX__pick_place_cube_1.18__ep000048__t0037,0.1830714685311319,0.18380600453418683,0.12557054599578454,1.6764503717422485,0.7631727530549743,0.7633931138558908
unseen_general,unseen_general__CSCSXX__pick_place_cube_1.18__ep000049__t0021,0.1327943069819963,0.13229280820638512,0.14944849284277306,1.1997252702713013,0.5645629480559513,0.5644124984232679
unseen_general,unseen_general__ZGGZZG__so100_drop0__ep000000__t0024,0.37844113861141915,0.375275567356142,0.10783412413207405,0.8714048862457275,0.494444533321339,0.49349486194475584
unseen_general,unseen_general__ZGGZZG__so100_drop0__ep000001__t0031,0.5232298796645825,0.5239476088780023,0.1810853002588385,0.6438979506492615,0.4688537342367309,0.46906905300075685
unseen_general,unseen_general__ZGGZZG__so100_drop0__ep000002__t0002,0.008075112332498947,0.008078900371603415,0.01900029379200885,1.4604970216751099,0.5923214305073963,0.5923225669191277
unseen_general,unseen_general__ZGGZZG__so100_drop0__ep000003__t0034,0.08195099833873268,0.08192633273297611,0.03336907692233715,1.1427245140075684,0.4916858281813483,0.49167842849962134
unseen_general,unseen_general__ZGGZZG__so100_drop0__ep000004__t0014,0.1085663382484404,0.10480925231287319,0.07247775425233605,1.2912237644195557,0.5708027335180552,0.569675607737385
unseen_general,unseen_general__ZGGZZG__so100_drop0__ep000005__t0028,0.1156408740827387,0.11584253864727179,0.060032402260873474,0.9043025970458984,0.414423021721443,0.41448352109080294
unseen_general,unseen_general__ZGGZZG__so100_drop0__ep000006__t0047,0.1728623686806032,0.1745336049570244,0.07208561286462578,0.9971797466278076,0.47235629311469174,0.4728576639976181
unseen_general,unseen_general__ZGGZZG__so100_drop0__ep000007__t0050,0.35746760044271797,0.3638646398891392,0.11108756178834533,1.4902186393737793,0.7366540044188308,0.7385731162527571
unseen_general,unseen_general__ZGGZZG__so100_drop0__ep000008__t0021,0.1765572725178089,0.17229203601973675,0.07352074128127106,1.2304726839065552,0.5672124777023461,0.5659329067529244
unseen_general,unseen_general__ZGGZZG__so100_drop0__ep000009__t0042,0.05770538345663182,0.05711055784406538,0.056488128987112196,0.9320983290672302,0.4070973853600153,0.4069189376762454
unseen_general,unseen_general__ZGGZZG__so100_drop0__ep000010__t0054,0.2442846061278059,0.24521262708320957,0.12169493933077413,0.8619203567504883,0.45456200633776933,0.45484041262439046
unseen_general,unseen_general__ZGGZZG__so100_drop0__ep000011__t0003,0.016214131810627072,0.016239280496054387,0.026649281967520255,1.5395551919937134,0.6286811009309295,0.6286886455365578
unseen_general,unseen_general__ZGGZZG__so100_drop0__ep000012__t0012,0.06099291928045519,0.05904889596569407,0.048855492622697394,1.3108018636703491,0.5572752690390854,0.5566920620446572
unseen_general,unseen_general__ZGGZZG__so100_drop0__ep000013__t0018,0.058016258777010145,0.05593499109157374,0.06356429576295841,1.342190146446228,0.5733502249404817,0.5727258446348509
unseen_general,unseen_general__ZGGZZG__so100_drop0__ep000014__t0028,0.14788784124339815,0.14608303063873262,0.05350332728681639,1.216288685798645,0.5469328248785224,0.5463913816971228
unseen_general,unseen_general__ZGGZZG__so100_drop0__ep000015__t0005,0.006723904252242827,0.006727590231200398,0.02588494490744142,1.4658221006393433,0.5961114950036426,0.5961126007973299
unseen_general,unseen_general__ZGGZZG__so100_drop0__ep000016__t0104,0.3788800237084432,0.3858405391373976,0.09622805163855852,1.3642374277114868,0.6882273936886952,0.6903155483173815
unseen_general,unseen_general__ZGGZZG__so100_drop0__ep000017__t0009,0.012289911374501021,0.01227206152774507,0.033341763447689354,1.5300785303115845,0.625720914571291,0.6257155596172642
unseen_general,unseen_general__ZGGZZG__so100_drop0__ep000018__t0003,0.009222697775912662,0.00922081238042638,0.017948546136196675,1.5262480974197388,0.6186506121415284,0.6186500465228825
unseen_general,unseen_general__ZGGZZG__so100_drop0__ep000019__t0015,0.17467745705105797,0.17141990876880786,0.0798902535232342,1.2342549562454224,0.5700722956704567,0.5690950311857816
unseen_general,unseen_general__ZGGZZG__so100_drop0__ep000021__t0081,0.16738901761130628,0.16763650804716868,0.0844992030627526,0.9679941534996033,0.46276412760205904,0.46283837473281775
unseen_general,unseen_general__ZGGZZG__so100_drop0__ep000022__t0024,0.14472233560195671,0.1433684598889654,0.05533353594856838,1.096461296081543,0.4986012798977747,0.4981951171838773
unseen_general,unseen_general__ZGGZZG__so100_drop0__ep000023__t0077,0.16009147893284933,0.16086312651255208,0.09683348087335197,0.7909675240516663,0.3934644975625269,0.3936959918364377
unseen_general,unseen_general__ZGGZZG__so100_drop0__ep000024__t0073,0.3732790236054845,0.3770002309115428,0.13719244489305704,1.499185562133789,0.7528156654030781,0.7539320275948955
unseen_general,unseen_general__ZGGZZG__so100_drop0__ep000025__t0015,0.033568241110304736,0.03316823782225031,0.04243337560584559,1.4718250036239624,0.6115304864644301,0.6114104854780138
unseen_general,unseen_general__ZGGZZG__so100_drop0__ep000026__t0050,0.24812015593146705,0.25371283099308994,0.08262041534929332,1.0705852508544922,0.5274562717260249,0.5291340742445119
unseen_general,unseen_general__ZGGZZG__so100_drop0__ep000027__t0011,0.010817684748978831,0.010820805340774009,0.024424032589413613,1.485268473625183,0.6046799046515909,0.6046808408291295
unseen_general,unseen_general__ZGGZZG__so100_drop0__ep000028__t0047,0.11068746371475283,0.11056340327697078,0.038649694118751854,1.3243721723556519,0.5745500162923122,0.5745127981609776
unseen_general,unseen_general__ZGGZZG__so100_drop0__ep000029__t0014,0.030864205494085806,0.03043095707907284,0.0308221877642727,1.4464607238769531,0.5970902075282888,0.5969602330037849
unseen_general,unseen_general__ZGGZZG__so100_drop0__ep000030__t0004,0.007702384719929782,0.007708641586159692,0.017739353772551092,1.4919363260269165,0.604407051958511,0.60440892901838
unseen_general,unseen_general__ZGGZZG__so100_drop0__ep000031__t0077,0.47026641344967657,0.47195464793345443,0.094492204187552,1.4863290786743164,0.7639592167608951,0.7644656871060285
unseen_general,unseen_general__ZGGZZG__so100_drop0__ep000032__t0002,0.008525367240396091,0.008525845789135178,0.01729808199625449,1.5045886039733887,0.6095824763603507,0.6095826199249724
