sample_id,setup,mae,sharp_f0,sharp_f15,sharp_ratio,sharp_mean
sample_000000,A,0.2844181358814239,219.7897030606493,103.34144834544512,0.4701833020672894,167.99033027283613
sample_000001,A,0.5446584224700928,231.66976690258826,185.04037809237838,0.7987247562181194,220.55789692896883
sample_000002,A,0.6566931009292603,295.7382747834921,174.99738161504268,0.5917305825333465,208.47295364513528
sample_000003,A,0.697190523147583,317.35370669480415,225.84884877189998,0.7116628670390686,225.83467781996123
sample_000004,A,0.5006735920906067,195.85373974427583,184.93719645723695,0.9442617572618603,154.7273885605298
sample_000005,A,0.5159187316894531,234.95762218236922,139.26247300729156,0.5927131527539844,153.41045540464341
sample_000006,A,0.3362152576446533,226.89025676812972,136.13909070607275,0.6000217578545031,164.88104012762196
sample_000007,A,0.3699686527252197,224.1322225540504,276.3543734848127,1.2329970690321812,185.32617890798954
sample_000008,A,0.0826885476708412,272.27173626121134,171.4717352848873,0.6297816205218643,187.68221018939278
sample_000009,A,0.5773367285728455,274.1707160292566,152.97156694516536,0.5579427634016241,180.05275141488994
sample_000010,A,0.49659463763237,245.0800514092669,174.31422223806376,0.7112542258568852,180.4300892990781
sample_000011,A,0.5497299432754517,190.62830106016244,124.54987534131854,0.6533650808859199,154.57153210002696
sample_000012,A,0.2378157824277877,289.489980550073,222.22686877712613,0.7676496034676668,202.20858047821793
sample_000013,A,0.2111413329839706,237.36029007658362,145.83347572591157,0.6143971077843678,164.56089622927595
sample_000014,A,0.7103989720344543,261.36641473039987,174.1796046064794,0.6664192290587377,169.18559909266423
sample_000015,A,0.6287329792976379,409.61602010127154,209.75451548680667,0.512075956977825,251.06985978773798
sample_000016,A,0.4618141651153564,211.5263539785147,132.8522063743696,0.6280645596901072,160.55604880649133
sample_000017,A,0.6688818335533142,279.6912743007764,175.45679300393908,0.6273230848641174,215.75364670992596
sample_000018,A,0.2762335240840912,244.34249761994926,143.3761832332611,0.586783652577165,149.0251303944015
sample_000019,A,0.4739260971546173,207.87737270202487,202.654930283688,0.9748772925573636,175.7816040025349
sample_000020,A,0.6917969584465027,383.43235084977005,293.52221114024525,0.7655123791452019,306.88085622742534
sample_000021,A,0.3945534229278564,367.7757274316251,176.11475665792824,0.4788645457595364,219.0751744724321
sample_000022,A,0.217973306775093,229.45564538683743,151.0587883737311,0.6583354622592191,206.2233023974835
sample_000023,A,0.5199323296546936,229.11277740895747,144.34610388543462,0.6300220595195456,167.03989246303914
sample_000024,A,0.6297681927680969,198.92511813934897,156.9535766386986,0.7890083369398886,153.18764650199796
sample_000025,A,0.4015357196331024,415.41011742338543,291.90419150352477,0.7026891721224412,309.0452040409343
sample_000026,A,0.2148682624101638,246.78010249599805,138.29085559692234,0.560380898614648,174.80856047320412
sample_000027,A,0.5628086924552917,218.61114838715645,225.74690807309003,1.0326413348019026,229.98126467455415
sample_000028,A,0.3774685561656952,251.42904080018397,195.0950752099976,0.7759448733093797,202.5114551608404
sample_000029,A,0.8748412132263184,252.9744445716962,184.17979477610442,0.7280569192984452,201.02626147433182
sample_000030,A,0.627932071685791,191.5176891830191,202.98252563443035,1.0598630680033696,179.2303182250727
sample_000031,A,0.9023210406303406,196.169751384817,189.1931761442125,0.9644360295542257,175.70192359607202
sample_000032,A,0.7152522206306458,288.606312806867,197.08094267845155,0.6828712122119676,205.41587612234053
sample_000033,A,0.8680238723754883,204.33048541784285,161.14578999247402,0.7886527047735492,190.40089895875428
sample_000034,A,0.2426739484071731,219.9745053952932,124.67442452456802,0.5667676092760324,180.565826417841
sample_000035,A,0.4982803761959076,224.53758949697016,240.63299234151845,1.0716824424837137,209.21035291988403
sample_000036,A,0.4975852966308594,305.34142447110264,176.45951708402484,0.577908868374736,214.90564851783213
sample_000037,A,0.6745068430900574,339.4016269432009,204.66876193746924,0.6030282287707499,239.50643204792402
sample_000038,A,0.4828974306583404,276.7455668769777,217.5876374810561,0.7862371200250546,206.57032345858636
sample_000039,A,0.6898838877677917,216.79412188794467,167.0815767520666,0.7706923753146167,173.3280920167989
sample_000040,A,0.6518777012825012,207.01765847429633,111.50108513351533,0.5386066384639333,148.99912568457427
sample_000041,A,0.510980486869812,224.5921544056758,145.30392390355468,0.6469679419036848,167.96592400706373
sample_000042,A,0.7413149476051331,230.05945624351503,214.44737441167234,0.9321389257943934,174.48012113558593
sample_000043,A,0.3323860466480255,191.98646801318972,126.64173805680127,0.659638876465506,149.38504915888188
sample_000044,A,0.4354577958583832,322.1063835247978,170.73796142578126,0.5300669907792646,206.4229324931931
sample_000045,A,0.3576293885707855,300.0897825716436,204.0646277045831,0.680011914953701,237.04262313330545
sample_000046,A,0.2657018899917602,232.7745505958423,201.2913990056142,0.8647483089983874,165.63063785533888
sample_000047,A,0.4784798622131347,209.8773471736908,143.35795068129897,0.683055854344578,174.49578344092006
sample_000048,A,0.6809975504875183,212.14878546144814,129.5092890524864,0.6104644378273895,161.82070401540955
sample_000049,A,0.7000043988227844,222.5720961259305,136.27281062003226,0.6122636799130903,159.19369497385807
sample_000050,A,0.5342669486999512,220.39043470170355,140.28280040170995,0.6365194596198399,157.5199864682043
sample_000051,A,0.3393361568450928,288.4619652506337,138.8361083126068,0.48129779671984607,164.42888191756327
sample_000052,A,0.4724854528903961,252.27678206428885,149.4078466413915,0.5922378009535464,164.57379620108986
sample_000053,A,0.6425809860229492,215.2383784717321,229.63140894830227,1.0668701863430015,208.18845678759274
sample_000054,A,0.4394573271274566,273.457296757549,185.64193757083268,0.6788699360815571,188.93274640111719
sample_000055,A,0.6224971413612366,241.6977017089352,149.55768991693856,0.6187799422976873,186.01445482170675
sample_000056,A,0.4745445251464844,285.6351481929049,171.07733742654324,0.5989365752390018,199.40759042965948
sample_000057,A,0.6561532616615295,303.17642863240087,132.0944562628493,0.4357016040419581,162.13079791307916
sample_000058,A,0.369011253118515,326.6696145175397,148.29688224550335,0.45396595108646365,206.05842882201074
sample_000059,A,0.4920216500759125,220.89941276893018,120.71114055808633,0.546452971716838,135.41634550656426
sample_000060,A,0.5508546233177185,326.904583313726,170.6237462280691,0.5219374549555451,210.13297296364792
sample_000061,A,0.2638339698314667,301.41000737413765,220.50201658572996,0.7315683328059599,193.83153792504456
sample_000062,A,0.4093703925609588,424.7163695500791,222.55893407329918,0.524017791706653,224.2792374562938
sample_000063,A,0.1847507506608963,283.79645914431677,231.6836873859167,0.8163727203802089,217.17598147391573
sample_000064,A,0.3525806963443756,359.3556457489356,169.06455686833712,0.4704658431509779,216.84025156429038
sample_000065,A,0.3369148671627044,370.8000260776282,243.92868704795836,0.6578443093121333,216.08425446351524
sample_000066,A,0.3712216317653656,295.7733176416158,135.210726069808,0.45714308223583866,181.60073179507629
sample_000067,A,0.2908310294151306,365.85595462784175,177.1896174651012,0.4843152481837917,188.59208714051405
sample_000068,A,0.3933729231357574,204.78549779638647,157.4297490015253,0.7687543829790823,184.04462525416633
sample_000069,A,0.6347256302833557,286.45640706956385,210.83092569526283,0.735996544298149,201.0656449078815
sample_000070,A,0.2892381548881531,266.47734101828183,146.83013459429145,0.5510042018327482,200.03508808703862
sample_000071,A,0.7050325870513916,240.38815170288086,188.46080078125004,0.783985397974968,179.83756017100998
sample_000072,A,0.3924711942672729,270.3687928777561,147.71876127704977,0.5463602500301836,160.79387816431233
sample_000073,A,0.8859136700630188,238.98998304154725,242.74154843077062,1.0156975842312654,248.20157966318072
sample_000074,A,0.6699188351631165,247.69701974630357,201.58395875692366,0.8138327984865952,220.9722643189528
sample_000075,A,0.8374629020690918,240.69062828626483,162.72547859176993,0.6760773352514281,202.19729543748312
sample_000076,A,0.9342697262763976,234.40277126893403,212.8821335640177,0.9081894911548406,198.6320823159488
sample_000077,A,0.5755670070648193,302.45355044305325,197.95919488664717,0.654511063258024,197.56918314777081
sample_000078,A,0.4693903028964996,324.89660172607756,283.36085164785385,0.8721570190098733,247.2651174562634
sample_000079,A,0.4582409858703613,393.3572869287431,351.19137367274607,0.8928050536823144,303.89536661899416
sample_000080,A,0.6796048283576965,341.3898495843634,226.07163219656795,0.662209589628416,209.8574863084592
sample_000081,A,0.3049609363079071,213.45228521522137,175.21999207004907,0.8208859975117009,198.40471269906732
sample_000082,A,0.4609688520431518,320.9635434567556,179.80000516172498,0.5601882482517831,205.4264731676597
sample_000083,A,0.5873770713806152,276.4835367574916,229.87353228911752,0.8314185176629286,203.3816495358874
sample_000084,A,0.6464599967002869,224.2151110434532,142.5261335478723,0.6356669400406761,152.81162798482694
sample_000085,A,0.1938093453645706,274.2999643681943,144.06983428146685,0.5252273167927982,168.08449816439764
sample_000086,A,0.148969367146492,286.3096320759878,207.81671203359966,0.7258460378253856,189.0169461023272
sample_000087,A,0.1710706502199173,258.7786060272157,167.30774493481968,0.6465285036631814,187.07805980151286
sample_000088,A,0.6077303290367126,398.8201695030555,200.6861635917425,0.5031996346669347,242.11379741059383
sample_000089,A,0.7697175145149231,383.0082278119028,236.25287677045912,0.6168349910396287,250.3544927190756
sample_000090,A,0.4378739297389984,332.20111052747814,191.80327897533772,0.5773709746809309,220.49793043842308
sample_000091,A,0.3263633847236633,358.17011781331155,185.96275342702864,0.5192023124719682,208.75721507067325
sample_000092,A,0.3867529928684234,325.5727597282827,178.48620287835595,0.5482221640020418,236.20754797767614
sample_000093,A,0.3419096171855926,338.09535388614984,159.86040942132473,0.47282640114349545,200.637739038805
sample_000094,A,0.568730354309082,198.3665832161531,121.29173544883727,0.6114524608041967,158.90239763446152
sample_000095,A,0.2108186483383178,258.64840070664883,178.38973446842283,0.6896997390320114,206.2641026299284
sample_000096,A,0.4362670183181762,223.04422140583398,149.15214872863143,0.6687111093420607,172.2964615369565
sample_000097,A,0.5043784976005554,303.6511464589835,108.5291283415258,0.3574138599742968,155.06855192850807
sample_000098,A,0.1897169202566146,277.96764998376364,200.69004735708234,0.7219906610312561,183.1228552511474
sample_000099,A,0.3889376223087311,189.2327077746019,141.6258879750967,0.7484218222136818,192.74937712284736
sample_000100,A,0.3943897783756256,243.50355828698721,164.90517953779545,0.6772187671419665,175.84699324958257
sample_000101,A,0.4468789398670196,274.85250854458656,189.95939534291625,0.6911321142703016,164.09318512554512
sample_000102,A,0.3897375166416168,218.02620408773427,185.70417608678343,0.8517516362943952,205.26253980271983
sample_000103,A,0.5694047212600708,297.84447874888775,166.21725135430697,0.558067257289817,184.07728364104406
sample_000104,A,0.473156064748764,248.75229091405868,145.54361824020742,0.5850945842765775,140.9406476489268
sample_000105,A,0.491260290145874,234.37525575622914,170.12810425128788,0.7258791193735744,180.69606017642423
sample_000106,A,0.6171568036079407,253.61763272043316,152.57724962051958,0.6016034767925934,168.3116604291764
sample_000107,A,0.4945676326751709,287.10532800402495,195.45351318117233,0.6807728527365826,188.5006993630459
sample_000108,A,0.4810942709445953,209.94542812347407,147.72905850168317,0.7036545631029416,153.5626473930222
sample_000109,A,0.5939083695411682,203.2770319431648,115.2552781008184,0.5669862305596983,152.55869923983
sample_000110,A,0.7648827433586121,238.77945808913552,140.78404384613032,0.5895986404055584,166.7162816044595
sample_000111,A,0.3946165144443512,276.14625726994126,128.36955550178885,0.46486074723911164,155.1265342676989
sample_000112,A,0.8000020980834961,222.57662329658865,169.86286837961524,0.7631658071893243,139.2935105414968
sample_000113,A,0.5556482672691345,205.93889516737312,162.89355077683922,0.7909800168853505,152.99705869238824
sample_000114,A,0.8179690837860107,258.92397917773576,184.35472610235215,0.712003294124426,190.62090269504816
sample_000115,A,0.3421841859817505,191.5825742750987,134.38257215317338,0.7014342126972871,151.10263172216713
sample_000116,A,0.6369950175285339,303.3359981918335,221.57256253805014,0.7304525801712624,203.2245602749125
sample_000117,A,0.3856583535671234,230.6437742517888,86.64770585164428,0.3756776272532414,116.94434359634761
sample_000118,A,0.5758838057518005,291.3329459285736,201.21161490079018,0.6906586354641862,196.90785961657295
sample_000119,A,0.6504607796669006,282.8311962360143,192.15327374037355,0.6793920766082229,224.07588520761345
sample_000120,A,0.3778425753116607,235.917020509243,123.68578063011168,0.524276630669239,138.7127651627944
sample_000121,A,0.7093455195426941,277.0660152958333,140.68013615548608,0.5077495195694675,192.0723460538406
sample_000122,A,0.6820315718650818,221.6500487560034,139.42413768228144,0.6290282292505254,152.38142425139665
sample_000123,A,0.2759993076324463,259.72533550556756,138.40461823567748,0.5328883990707584,160.98299674282782
sample_000124,A,0.6893293857574463,203.42844557728625,150.7333651026711,0.7409650340438977,181.67490132930226
sample_000125,A,0.3743607997894287,225.11326050128787,115.45683423146606,0.5128833102695234,144.0212186826044
sample_000126,A,0.8075016140937805,196.99949249491095,130.6700376939401,0.6633013925013825,160.63127468114254
sample_000127,A,0.5474795699119568,235.97617164835333,106.64158626344053,0.45191675718154944,130.1630846779165
sample_000128,A,0.6048082709312439,196.23046645879748,129.6397730081901,0.6606505877893868,167.81882301965263
sample_000129,A,0.5593968629837036,163.63239630699155,136.27429547961802,0.832807552509059,139.41820530284895
sample_000130,A,0.1916212290525436,183.88556687295437,191.09555644750594,1.0392091108462738,155.1814606981585
sample_000131,A,0.6784977912902832,182.66923807725306,153.2286487483978,0.838831159319751,179.91753313433378
sample_000132,A,0.4193502962589264,363.84286336299033,184.06669521093366,0.505896126447582,242.71777810465545
sample_000133,A,0.904581606388092,197.39463950451463,151.81371414061638,0.7690873192994901,172.5016379242018
sample_000134,A,0.5116553902626038,237.4516113066673,127.08111414179209,0.5351874154168935,141.5116727466276
sample_000135,A,0.1946379393339157,270.39340413864704,191.244927216731,0.7072839954286317,203.87729695334798
sample_000136,A,1.025845646858215,209.03128959354012,136.53516747936607,0.6531805250058866,170.43906059880044
sample_000137,A,0.4098100662231445,235.25604212269187,107.14671131070705,0.4554472239859726,136.59588459161108
sample_000138,A,0.964378833770752,352.0754700446129,121.06031238421797,0.3438476198551348,173.1587747215666
sample_000139,A,0.8838241696357727,219.03542291726916,170.12414502367378,0.7766969504650879,214.8450111109065
sample_000140,A,0.5324411988258362,223.49451502263545,112.17957718595862,0.5019343636894047,138.19230916752946
sample_000141,A,0.2959592640399933,317.12177246328446,190.28010420262814,0.600022201959212,226.89136130450993
sample_000142,A,0.6768466830253601,268.0164254575596,128.79453733023257,0.48054717956316895,190.35617943899473
sample_000143,A,0.6876615881919861,205.33273352250458,109.29834469851104,0.5322986881998134,155.67852710186506
sample_000144,A,0.6492683291435242,229.38577259536834,97.63253775950521,0.42562595166582956,134.56629775056382
sample_000145,A,0.287342220544815,229.16600352670994,198.47823805775494,0.8660893631834956,193.3546782394801
sample_000146,A,0.2513098418712616,283.8406078314409,190.83500881195067,0.6723315957851891,184.6569623364159
sample_000147,A,0.3227792084217071,211.87206537663937,158.22970040287825,0.746817189522354,152.317128907498
sample_000148,A,0.4399658739566803,314.03146531045434,196.11761258538812,0.6245158025534303,187.64906719432446
sample_000149,A,0.5875452160835266,185.58136543925852,125.0379585443437,0.6737635443536442,147.8360184041038
sample_000150,A,0.4522925317287445,253.25328312929724,168.02186850126827,0.6634538609929314,195.45049328652675
sample_000151,A,0.5828827023506165,233.83627137389036,133.87524881824848,0.5725170352386858,151.2046801265818
sample_000152,A,0.2983866930007934,208.76071631297472,123.0896275502071,0.5896206418724428,133.4970440091542
sample_000153,A,0.4677750766277313,269.0095504363999,205.4711472414434,0.7638061433436786,197.3115302605741
sample_000154,B,0.8627800941467285,287.7881012862921,136.1964044001326,0.47325238184411306,156.9783755773725
sample_000155,B,0.5896615386009216,402.45951726675025,146.69282593097535,0.36449088575969074,189.21512889337492
sample_000156,B,0.7875523567199707,414.5521594405174,161.53064832150937,0.38965096343850264,192.99550904034868
sample_000157,B,0.659194827079773,462.3398316964134,191.84220491763207,0.4149376535734035,223.70965503221146
sample_000158,B,1.0288952589035034,525.618173971176,133.97877208586783,0.2548975258477554,193.76564956435234
sample_000159,B,0.7604878544807434,424.20095267143097,179.3672212833166,0.42283549849131824,196.81645676977
sample_000160,B,0.7377474904060364,438.00668745622045,173.84565344151108,0.396901824607158,217.16517313482706
sample_000161,B,0.6308125853538513,335.8602095543965,149.84896239280698,0.44616467842862223,163.0232767709717
sample_000162,B,0.9589832425117492,356.7317054909095,144.31131823059172,0.4045374044675969,185.73343069044176
sample_000163,B,0.8572842478752136,327.25700071599346,147.40092162456364,0.45041334884225737,161.93602296520027
sample_000164,B,0.8221357464790344,474.0483825680241,204.25350682582706,0.43087059113953935,228.5003110303008
sample_000165,B,0.7972807884216309,373.1906230972707,179.97846243962644,0.4822695193837058,187.22718997611435
sample_000166,B,0.2739361524581909,192.87701922472564,140.88938693463803,0.7304622785075521,140.68596485033632
sample_000167,B,0.8468673825263977,357.86432288434355,157.6349485778808,0.4404880243645469,186.74508012340402
sample_000168,B,0.5840023159980774,381.2658692441881,176.43589353501795,0.4627634093887818,193.54176979677982
sample_000169,B,0.8942740559577942,408.4631543517113,173.09446044921873,0.4237700722943887,206.23713185839358
sample_000170,B,0.7586938738822937,401.6108983635531,148.56641761884094,0.36992626002980905,189.6603536119149
sample_000171,B,0.757703959941864,332.8816628080234,140.8621719942987,0.4231599025493198,164.70550087253096
sample_000172,B,0.5211767554283142,378.50177223648876,148.65811341986063,0.3927540749451992,177.36284141579645
sample_000173,B,0.8844566345214844,393.97481883164494,161.62661129891873,0.4102460451107809,189.00081906633218
sample_000174,B,0.699699342250824,318.7722781818733,115.51614877447483,0.3623782765343475,160.63622873674612
sample_000175,B,0.9712064862251282,467.91473152101054,197.98466735839844,0.4231212527009495,224.4670693653496
sample_000176,B,0.6823711395263672,363.3092889254913,160.37894472941758,0.44143915285994423,178.72279864151494
sample_000177,B,0.98150235414505,343.1619023796544,131.5360476544127,0.3833060917959618,156.67509404415264
sample_000178,B,1.1005351543426514,355.54818540796634,167.16868570741264,0.4701716745245048,172.91724633009875
sample_000179,B,0.7221710085868835,404.0911787613854,143.13447323795407,0.354213308186256,183.10734811189118
sample_000180,B,0.9344037175178528,561.7530912842974,155.6954220747948,0.2771598848149444,194.91513094789582
sample_000181,B,0.9406814575195312,335.7299540840089,130.74725074231623,0.3894417199056348,159.102567321104
sample_000182,B,0.7603507041931152,356.27205132301896,130.23205810546875,0.3655410454506634,168.08277010186572
sample_000183,B,0.7598549723625183,427.58475807573643,151.0305001044273,0.3532176890123755,181.56401282320496
sample_000184,B,0.5661835074424744,246.00245124757288,133.66196797993035,0.5433359192238907,157.19789019471267
sample_000185,B,0.9516663551330566,545.6444976210221,175.38453860130159,0.3214263854322143,200.50787667230935
sample_000186,B,0.6462574005126953,353.9435359504447,141.27093649622054,0.39913410515286185,151.57641696264503
sample_000187,B,1.1057363748550415,393.14109407570214,157.79498442407697,0.40136985627275185,182.23352988712492
sample_000188,B,1.0380710363388062,343.0347203626858,123.9842939957604,0.361433658565738,159.08747956057078
sample_000189,B,1.0962765216827393,336.04627389296894,132.11236320436,0.39313741430276333,163.51721045340878
sample_000190,B,0.9919937252998352,382.93129093792294,143.98654231425374,0.3760114300442359,163.2399588022614
sample_000191,B,0.4466169774532318,369.6667680011689,173.41916744615884,0.46912295737011034,165.65766688508677
sample_000192,B,1.017846703529358,405.54884373988955,154.97990063037724,0.38214854516951374,183.33302468059816
sample_000193,B,0.811297595500946,362.429551820606,137.35887435913088,0.37899468646839335,165.91519502482845
sample_000194,B,0.6219086050987244,346.42631591796874,130.08197433050725,0.37549680365884713,158.0623370051058
sample_000195,B,0.7826750874519348,369.83081548329443,142.9471410777792,0.38652036307730625,181.1147794927354
sample_000196,B,0.9011216163635254,358.8474591344595,142.10074894096707,0.3959920721849731,178.67238512963058
sample_000197,B,0.8156010508537292,341.92314425572755,151.53311132784933,0.44317886599251755,183.89750780708388
sample_000198,B,0.8123660087585449,495.5146759715302,167.0932319818437,0.337211469376225,197.78954217094923
sample_000199,B,0.7197334170341492,456.4421486972271,128.94745314385744,0.28250557822475,169.35037161119516
sample_000200,B,0.7273035049438477,402.59498193249107,145.02489325668662,0.36022528785767394,185.07815545138902
sample_000201,B,0.701133668422699,340.9460564798117,148.36033169236035,0.4351431227102201,185.5758948317333
sample_000202,B,1.071961522102356,433.55029824521387,143.74238448198884,0.33154719317178016,185.31145799338583
sample_000203,B,0.8066932559013367,378.7195767253637,165.82235723879188,0.4378499750992312,170.90233655069954
sample_000204,B,0.6612424254417419,483.8758904879913,117.88800024986267,0.24363272187620677,202.10728705972667
sample_000205,B,0.8986515998840332,335.5007095738872,137.3624897742271,0.4094253331049239,166.8779345911951
sample_000206,B,0.7186781764030457,363.4960959669574,165.21318493094296,0.45451158008024717,170.4345619196072
sample_000207,B,0.8797957897186279,537.0872310086712,168.08241170193998,0.3129517925538362,228.8623668602831
sample_000208,B,0.4951197206974029,361.5948358004913,169.26478697046642,0.46810620675970516,170.11059742649087
sample_000209,B,0.5116803646087646,299.837100535594,143.08562323316931,0.4772112022747614,158.97974169034745
sample_000210,B,0.6242781281471252,465.75905587222417,141.00324586331845,0.3027386029011557,181.9254954451439
sample_000211,B,0.6527290940284729,347.8831413372979,159.65674790408465,0.45893787002827446,170.1889184421953
sample_000212,B,1.1107922792434692,350.4139089223371,141.0499921962246,0.40252395411474884,164.8088008726877
sample_000213,B,0.5588297843933105,417.6298422807455,158.1333990764245,0.37864487416136716,183.32851951807504
sample_000214,B,0.7760799527168274,321.90851783215993,166.4696227982268,0.5171333269442174,174.72642292671603
sample_000215,B,0.6966860294342041,321.6050286279618,143.3967527256906,0.4458784532612965,169.97722831251565
