date,exp,file,public_score,eval_action_mae,notes
2026-07-18,exp-01,submission_static_y.csv,0.3028326269,0.4283,"S003. 예측 0.302228 → 오차 +0.0006 (D+V 역산 0.438375, 팀원 앵커 +0.0020 = 인코딩差). 체인 정합 통과. 팀 최고(S001 대비 -0.000116). 계정 제출 요건 충족"
2026-07-27,e3r4-s14000,submission_eval216_v2.csv,0.3794009442,0.4730,"S004. IRASim E3 FT step14000(T 핸드오프 v2, 무수정 킷 CSV). 목적=환산식 검증(순위 아님). 예측 0.4205 → 오차 -0.0411(과대예측). A_kit 0.4730은 킷 직접 실측이라 역산 시 서버 DV_w≈0.1285 vs 홀드아웃 0.1737 → 홀드아웃 unseen이 FT 모델의 D+V를 ~0.045 비관. 정적(0.3028) 미달 재확인 → 보류 판단 유효"
2026-08-07,ft-01-act12-step0,submission_ft01_act12_step0.csv,0.3728875712,,"S006. 코드=09e75e5 (feat/ft-baseline). DynamiCrafter 1.4B 백본 0스텝(파인튜닝 없음), 액션 12차원(절대6+Δ6). 대회 config 의 UNet 구조 5개 항목을 backbone.ckpt 실측 shape 으로 정정 (model_channels 320 · channel_mult [1,2,4,4] · num_head_channels 64 · attention_resolutions [4,2,1] · use_scale_shift_norm False) + add_act_time_emb True + only_reload_modules 에 UNet 포함 → 1,468/1,517(96.8%) 적재. ★use_ema=False 필수 — LitEma 가 사전학습 적재 이전 랜덤 가중치를 들고 있어 켜면 전 프레임 노이즈. RTX 5090, 216샘플 37분(10.3초/샘플). 결과: 태양 step0(0.3031)보다 0.0698 나쁘다. 적재율 96.8% vs 0.1% 인데 점수는 뒤졌으므로 '백본이 잘못 실려서 학습이 안 됐다'는 가설은 기각. 육안으로 뒤 8프레임이 무너지는 것과 방향이 맞다."
2026-08-08,ft-05-parity,submission_ft05_parity.csv,0.3948304076,,"S007. 코드=6cbbc0c 이후 ft-05-parity.yaml. ft-01 대비 4개 변경: action_embed zero-init · fs_condition true(사전학습 fps_embedding 보존) · ddim_eta 1.0→0.0 · guidance_rescale 0.7 제거. DDIM 50→15. 육안으로는 크게 개선(뒤 8프레임 붕괴 소멸, 16프레임 내내 물체 위치 유지)했는데 점수는 0.3729→0.3948 로 악화. 육안·로컬 개선이 점수로 이어지지 않는 사례가 또 하나 늘었다. RTX 5090 15.5분(4.3초/샘플). 미적용 차이: 정밀도 — 태양님 기본은 fp32 이고 우리는 fp16 autocast 다. fp16 최대 65,504 < sqrt_recip_alphas_cumprod 최댓값 71,285 → 오버플로."
2026-08-08,ft-07-s50,submission_ft07_s50.csv,0.4131532271,,S008. 코드=ebb62ce. ft-05 의 4개 변경(action_embed zero-init · fs_condition true · ddim_eta 0 · guidance_rescale 제거)을 그대로 두고 DDIM 15→50 만 되돌린 것. 육안으로는 ft-05 보다 훨씬 선명한데 점수는 0.3948→0.4132 로 더 나빠졌다. ft-01(0.3729) 이 셋 중 최고. → ① 4개 변경은 해롭다 ② 스텝을 늘려 선명해지는 것도 해롭다. 선명·안정할수록 점수가 나쁘고 정적(0.3019)이 최고인 순서가 일관된다. RTX 5090 37분.
2026-08-08,ft-12-action-trained,submission_ft12_action_trained.csv,0.4887943407,,"S009. 코드=39ca8b7. ft-11(액션 대조 손실) 500스텝 학습본. 샘플링 설정은 ft-05(0.3948)와 완전히 동일 — 학습된 action_embed 하나만 다르다. 결과 0.3948→0.4888 (+0.0940 악화). ★백본은 비트 단위로 동결 검증됨(40개 표본이 backbone 과 완전 일치)이고 바뀐 건 1.66M(0.115%)뿐이다. 그런데도 점수가 크게 나빠졌다 → '파인튜닝이 사전학습 prior 를 망가뜨린다'는 가설은 기각되고, '액션 경로를 통해 들어간 영향 자체가 손해'가 확정된다. 홀드아웃 gap 은 +0.02524(3σ)로 액션이 실제로 붙었음이 확인됐으므로, 액션이 안 먹혀서가 아니라 먹힌 결과가 틀려서다. RTX 5090 15.5분."
2026-08-08,ft-20-residual,submission_ft20_residual.csv,0.3402737888,,"S010. 코드=d6dc420. 잔차 모델 — 출력 = z_정적 + Δ, 출력 conv zero-init 이라 0스텝이 정확히 정적. 600스텝 학습본. 우리 생성물 중 최고(직전 최고 0.3729 대비 -0.0326)지만 정적(0.3019)에는 -0.0384 미달. ★생성물 실측: 정적 대비 전역 오프셋 3.2/255, 프레임 간 변화 0.8/255 — Δ 의 대부분이 '시간 상수 오프셋'이고 움직임은 거의 없다. 즉 0.3403 은 '거의 정적인데 화면 전체가 1.3% 밝아진 것'의 점수다. → 눈에 잘 안 보이는 1.3% 전역 밝기 변화가 0.038 을 깎는다. 지표가 외형 충실도에 매우 민감하다. rel_to_static 0.90 을 '학습이 이득' 으로 읽은 것은 착시였다 — 시간 평균만 맞혀도 MSE 가 10% 준다. RTX 5090 학습 2.1시간, 생성 216개 4분(1초/샘플, 디노이징 반복 없음)."
2026-08-08,ft-22-composite,submission_ft22_composite.csv,0.3355028131,,S011. 코드=bbd8bca+픽셀합성. ft-20 과 학습본이 완전히 같고 합성 방식만 바꿨다: 출력 = 원본 픽셀 + [decode(z_정적+Δ) − decode(z_정적)]. VAE 왕복 오차가 두 디코드에서 상쇄된다. Δ=0 이면 출력이 원본 첫 프레임과 프레임간 차이 0.000000 로 일치함을 확인. 0.3403 → 0.3355 (-0.0048). ★VAE 세금은 실재했지만 0.005 규모다 — 내가 0.038 을 VAE 탓으로 돌릴 뻔했던 것은 과대 추정이었다. 정적(0.3019)까지 남은 0.0336 은 Δ 자체(색 이동 + 작은 움직임) 탓이다. 우리 생성물 중 최고. V100 216개 12분(3.4초/샘플).
2026-08-08,ft-23-zeromean,submission_ft23_zeromean.csv,0.3030026642,,"S012. 코드=4a69838+zero-mean-delta. ft-20 학습본 그대로, 생성에서 Δ 의 시간평균을 빼고(오프셋 제거) 픽셀 공간 합성. 출력 = 원본 첫 프레임 + 움직임 성분만. |Δ| rms 0.115→0.0093 (오프셋이 92%였다). 0.3355 → 0.3030 (-0.0325). 정적(0.3019)과 사실상 동률이고 태양 step0(0.3031)도 앞선다. 우리 최고. ★해석: 남은 움직임이 너무 작아(정답의 1/5~1/8) 점수에 0.0011 밖에 영향을 못 준다. 방향이 옳은지 그른지는 아직 측정 불가 — Δ 에 배율 α 를 곱해 크기를 정답 수준으로 올려야 판단된다. 움직임 크기 실측(프레임간, 0~255): 정답 1.3~3.3 · ft-23 0.25 · ft-12(확산) 9.09."
2026-08-09,base-01-step300,submission_base01_300.csv,0.3363917814,,"S013. 코드=56d2e85 (feat/base-clean). DynamiCrafter 1.4B 를 처음으로 제대로 미세조정한 결과 — 잔차·픽셀합성·시간평균제거 같은 장치 없이 순수 확산 파이프라인만. 인코더(input_blocks 447M) 동결, 디코더+middle 994M 학습, lr 1e-5, 유효배치 16, bf16, 300스텝(=0.5에폭). 0.3729(ft-01 0스텝) → 0.3364 로 학습이 처음으로 도움이 됐다(-0.0365). 다만 정적(0.3019)에는 여전히 -0.0345 미달이고 ft-23(0.3030)보다 나쁘다. ★32GB 예산 실측: 순진한 어텐션 2GB/층(→torch SDPA 로 교체), LitEma 그림자 사본 5.4GB(→use_ema False), 파라미터+그래디언트+AdamW 전체 21.5GB(→인코더 동결로 14.8GB). SDPA 만으로는 전체 학습이 50MB 모자라 죽는다. ★육안: 0스텝 백본은 로봇 팔 자리에 사람 손을 그린다(웹 영상 사전지식). 300스텝에서 장면 붕괴는 멎었고 사람 손은 가장자리에 잔존. 600스텝에서는 로봇 팔이 아예 지워진다 — 팔은 화면의 2~5%뿐이라 행선지를 모를 때 지우는 게 손실상 이득이기 때문. 태양 exp22 의 IRASim '정지 복사'와는 다르다(복사라면 팔이 남는다). V100 216개 47.6분(25.5초/샘플)."
2026-08-10,base-04-step1500,submission_base04_1500.csv,0.3979104843,,"S014. 코드=6a6f34f (feat/base-clean). 누적 2,400스텝 — base-01 300 → base-02 600(누적 900) → base-04 1500. 전체 123개 데이터셋, 인코더(input_blocks 447M) 동결·디코더+middle 994M 학습, lr 1e-5, 유효배치 16, bf16, motion_weight 4.0, action_dropout_prob 0.1. 생성 RTX 5090 216개 30.4분(8.4초/샘플), DDIM 50, CFG 1.0, no-ema. ★우리 계열 안에서 스텝이 늘수록 단조롭게 나빠진다: 0스텝 0.3729 → 300스텝 0.3364 → 2,400스텝 0.3979. 300에서 한 번 좋아진 뒤로는 계속 악화다. 태양님 계열(0스텝 0.3031 · 500 0.3270 · 1,250 0.3467 · 1,750 0.3292)의 최악(0.3467)보다도 나쁘다 — '더 돌리면 U자로 회복한다'는 기대는 최소한 이 레시피에서는 2,400스텝까지 안 나타났다. 다만 base-04 는 base-02 에서 motion_weight·action_dropout 이 추가된 뒤의 연장이라 '스텝'과 '손실 변경'이 섞여 있다. 육안: 로봇이 일그러지고 액션과 무관한 움직임이 생긴다. base-03(duck 단일, 33에폭)에서 인공 액션 시나리오를 넣어도 팬 오른쪽·아래로가 전부 같은 방향으로 갔다 — 학습량보다 주입 경로·목적함수 쪽 문제를 가리킨다."
2026-08-10,base-06-step2100,submission_base06_2100.csv,0.3393810339,,"S015. 코드=7482a59 (feat/base-clean). 누적 2,400스텝 — base-01 300 에서 이어받아 base-06 2100. ★base-04(같은 누적 2,400, 0.3979)와 직접 대조되는 제출이다. 바뀐 것 셋: ① 액션을 cross-attention 으로도 주입(프레임당 토큰 16개를 이미지 토큰 자리에 더함, zero-init) ② 인코더 동결 해제(994M → 1,448.9M 전부 학습, 8비트 Adam 으로 옵티마이저 상태 10.8GB→2.7GB) ③ motion_weight 4.0 → 0. 결과 0.3979 → 0.3394 (-0.0585). 같은 스텝 수에서 스텝이 늘수록 나빠지던 흐름이 사실상 되돌려졌다 — base-01 300스텝(0.3364)과 거의 동률이다. 다만 여전히 정적(0.3019)·태양 step0(0.3031)에는 못 미친다. 세 변수를 한 번에 바꿔 기여도가 분리되지 않는다 — 다음 실험은 쪼개야 한다. 생성 RTX 5090 216개 30.6분(8.5초/샘플), DDIM 50, CFG 1.0, no-ema."
2026-08-14,base-08-step2100,submission_base08_2100.csv,0.3380563156,,"S016. 코드=7e5a6d8+레이아웃수정(feat/base-clean). 누적 2,400스텝 — base-01 300 → base-08 2100. base-06(0.3394)과 **같은 누적 스텝·같은 학습범위**이고 바뀐 것 둘: ① context 레이아웃 버그 수정 (573 → 333. 이미지 토큰이 16개인 줄 알고 앞 317개를 텍스트로 잘랐던 것을 텍스트 77 + 프레임별 이미지 256 으로 정정) ② 궤적요약 토큰 32개를 빈 텍스트 슬롯에 추가. ★결과 0.3394 → 0.3381, 겨우 -0.0013 이다. **레이아웃을 고치고 궤적요약을 더해도 점수가 사실상 안 변했다** — 즉 base-04(0.3979) → base-06(0.3394)의 -0.0585 는 cross-attention 이 제대로 붙어서가 아니라 나머지 두 변수(인코더 동결 해제 · motion_weight 4.0→0) 때문일 가능성이 크다. cross-attention 경로는 망가진 채로도 고친 뒤에도 비슷한 점수를 낸다. 여전히 base-01 300(0.3364)·정적(0.3019)에 못 미친다. 생성 RTX 5090 216개 29.9분(8.3초/샘플), DDIM 50, CFG 1.0, no-ema."
2026-08-14,base-09-step1800,submission_base09_1800.csv,0.2883974327,,"S017. 코드=916d878(feat/base-clean) + base-09.yaml. 누적 4,200스텝 — base-01 300 → base-08 2100 → base-09 1800. 설정은 base-08 과 동일(액션 cross-attn 프레임당 16토큰 + 궤적요약 32토큰, freeze_scope none 전체 1,465.8M 학습, AdamW8bit, motion_weight 0, action_dropout 0.1, lr 1e-5, 유효배치 16, bf16) — 바뀐 것은 스텝 수뿐이다. 학습은 Runpod RTX PRO 6000(EUR-IS-1), 생성은 RTX 5090 216개 30.0분(8.3초/샘플), DDIM 50, CFG 1.0, no-ema. ★★정적(0.3019)을 처음으로 깼다 — 0.3381 → 0.2884 (-0.0497), 정적 대비 -0.0135. 팀 전체 최고이자 우리 계열에서 처음으로 '모델이 정지 영상보다 낫다'가 성립한 제출이다. ★S014·S016 에서 '스텝이 늘수록 단조 악화'로 읽었던 것이 뒤집혔다: 그 악화(300 0.3364 → 2,400 0.3979)는 인코더 동결 + motion_weight 4.0 레시피에서였고, 인코더 해제 + motion_weight 0 레시피에서는 2,400 0.3381 → 4,200 0.2884 로 스텝이 이득으로 돌아섰다. base-08(2,400)이 base-01(300)보다 나빴던 것도 '수렴 전 구간'이었을 가능성이 생긴다. ★4일 제약 여유: 재현 체인 4,200스텝 × 10.3초(PRO 6000 실측) = 12.0시간, 96시간 예산의 13%. 스텝을 더 늘릴 여지가 약 29,000스텝 남는다."
2026-08-14,base-10-step3000,submission_base10_3000.csv,0.2871832285,,"S018. 코드=9f814ad(feat/base-clean) + base-10.yaml. 누적 7,200스텝 — base-01 300 → base-08 2100 → base-09 1800 → base-10 3000. 설정은 base-09 와 완전히 동일하고 바뀐 것은 스텝 수뿐이다(base-10.yaml 은 base-09.yaml 에서 name 과 resume_unet 두 줄만 다르다 — diff 로 확인). 학습 RTX 5090(11.39초/스텝), 생성 V100 216개 91.0분(25.3초/샘플) — 학습을 멈추지 않고 체크포인트만 V100 으로 보내 병렬 생성했다. DDIM 50, CFG 1.0, no-ema. ★팀 최고 갱신(0.2884 → 0.2872)이지만 ★★기울기가 꺾였다: 2,400→4,200(1,800스텝)이 -0.0497 인데 4,200→7,200(3,000스텝)은 -0.0012 다. 스텝당 이득이 40배 줄었다. S017 에서 '스텝 축이 살아났다'고 읽은 것은 맞았지만 그 구간이 좁았다 — 4,200 부근에서 대부분의 이득이 이미 나왔고 7,200 은 거의 평평하다. 스텝을 더 늘리는 것으로 정적(0.3019) 대비 -0.0147 을 크게 벌리기는 어려워 보인다. ★남은 예산: 재현 체인 7,200스텝 = PRO 6000 실측 10.3초/스텝으로 20.6시간, 96시간의 21%. 예산은 남지만 스텝의 한계수익이 이미 낮다. ★인프라: V100 SSH 포트가 30012 → 30019 로 옮겨져 있었다. 같은 NodePort 대역에 남의 파드 sshd 가 10개 떠 있어 포트 스캔만으로는 못 고르고 키 인증이 통과하는 것으로 찾아야 한다(호스트명 jupyter-1169--1042, 호스트키 SHA256:s7+gF9jQBtc411FmB1s5J8V0y/Teic/7Ri79u3DqflU). 5090→V100 직결 전송이 100MB/s 라 5.5GB 체크포인트 이동이 56초다."
2026-08-14,base-10-step4800,submission_base10_4800.csv,0.2411714819,,"S019. 코드=ea04326(feat/base-clean) + base-10.yaml. 누적 9,000스텝 — base-01 300 → base-08 2100 → base-09 1800 → base-10 4800. 설정은 base-09/base-10 과 완전히 동일하고 바뀐 것은 스텝 수뿐이다. 학습 RTX 5090, 생성 V100 216개 99분(27.5초/샘플) — 학습을 안 멈추고 체크포인트만 V100 으로 보내 병렬 생성. DDIM 50, CFG 1.0, no-ema. ★★팀 최고 대폭 갱신: 0.2872 → 0.2412 (-0.0460). 정적(0.3019) 대비 -0.0607. ★★S018 에서 '스텝 기울기가 꺾였다(4,200→7,200 이 -0.0012)'고 읽은 것이 뒤집혔다 — 7,200 → 9,000 에서 1,800스텝에 -0.0460 이 나왔다. 스텝당으로 보면 -2.6e-5 로 2,400→4,200 구간(-2.8e-5)과 같은 수준이다. **즉 4,200~7,200 이 평평했던 것은 기울기 소멸이 아니라 그 구간만의 정체였다.** 스텝 축은 살아 있고, 두 번 연속으로 '꺾였다'는 조기 판단을 내렸다가 뒤집힌 셈이다(S017 에서 한 번, S018 에서 또 한 번). 중간 한두 점으로 추세를 판정하지 말 것. ★기준: 현 리더보드 10위 0.248 · 1위 0.171. 처음으로 상위권 언저리에 들어왔다."
2026-08-14,base-09-1800-cfg2.0,submission_b09-4200_cfg2.0.csv,0.2695475148,,"S020. 누적 4,200 (base-09 1800) — **학습은 그대로, 생성의 액션 CFG 만 1.0 → 2.0**. 같은 체크포인트의 CFG 1.0 이 S017 = 0.2884 이므로 **한 변수만 바뀐 정확한 대조**다. 결과 -0.0189. ★액션 CFG 가 총점에 이롭다는 것이 서버로 확인됐다 — 학습 없이 생성 설정 한 줄로 얻는 이득이고, 스텝으로 치면 700~1,300스텝어치에 해당한다. ★윤택 육안 판단: **CFG 2.0 은 Video 성분에서 감점되는 것으로 보인다** — 총점이 좋아진 것은 Action 이득이 Video 손실보다 컸기 때문이지 양쪽이 다 좋아진 것이 아니다. 성분별 값은 로컬에서 못 재므로(킷 채점기 2026-08-03 공지) 확증은 없다. ★추론 시간: Runpod RTX 5090 실측 15.0~15.5초/샘플(CFG 1.0 의 8.3초 대비 1.8배, 조건부·무조건부 두 번 통과). 216개 56.3분. PRO 6000 환산 약 13.1초/샘플로 한도 16.7초 안에 들어온다. ★인프라 사고 2건: ① 한국→아이슬란드(EUR-IS-1) 회선이 0.02MB/s 라 5.9GB 체크포인트 업로드가 불가능했다(5090·V100 양쪽 동일, 컨테이너 디스크로 보내도 동일 → 회선 문제). 볼륨에 이미 있던 base-09 1800 을 써서 우회. ② 볼륨의 submission_kit 에 action_extractor.py 가 없어(pycache 의 pyc 만 존재) CSV 생성이 ModuleNotFoundError 로 죽었다. V100 에서 7.6KB 파일을 복사해 해결. 영상 216개는 멀쩡해 CSV 만 다시 만들었다."
2026-08-14,base-10-step5400,submission_base10_5400.csv,0.2486627216,,"S021. 누적 9,600스텝 (base-10 5400) · CFG 1.0. 설정은 S019(누적 9,000, 0.2412)와 완전히 동일하고 600스텝만 더 갔다. ★결과 0.2412 → 0.2487, **+0.0075 나빠졌다**. 스텝을 더 넣었는데 뒤로 갔다 — 4,200~7,200 이 평평했던 것과 같은 계단식 패턴이며, 스텝 축이 단조 개선이 아님을 재확인한다. ★단 Public 은 약 65샘플이라 잡음이 크다(docs/03). +0.0075 는 잡음으로 설명될 수 있는 크기이므로 '9,600 이 실제로 나쁘다'가 아니라 '9,000 대비 개선이 확인되지 않았다'로 읽어야 한다. 현재 최고는 여전히 누적 9,000 = 0.2412. 생성 V100 216개 99분(27.5초/샘플), DDIM 50, no-ema."
2026-08-14,base-09-1800-cfg3.0,submission_b09-4200_cfg3.0.csv,0.2652029226,,"S022. 누적 4,200 (base-09 1800) · **액션 CFG 3.0**. S017(CFG 1.0, 0.2884)·S020(CFG 2.0, 0.2695)과 학습·체크포인트가 완전히 같고 CFG 만 다른 3점 계열이다. ★CFG 곡선: 1.0 → 2.0 이 -0.0189, 2.0 → 3.0 이 -0.0043. **여전히 개선되지만 이득이 4.4배 줄었다** — 최적값이 3.0 이상 어딘가에 있고 그 부근에서 평평해지고 있다. 윤택의 'CFG 는 Video 성분에서 감점된다'는 관측과 정합적이다(Action 이득이 Video 손실을 아직 이기지만 격차가 좁아지는 중). ★-0.0043 은 Public 잡음(약 65샘플) 범위일 수 있어 '3.0 이 2.0 보다 확실히 낫다'로 단정하면 안 된다. 실용적으로는 2.0 과 3.0 이 사실상 동급이고, 추론 시간이 같으므로(둘 다 두 번 통과) 어느 쪽을 써도 무방하다. 생성 Runpod RTX 5090 216개 56.3분(15.5초/샘플)."
2026-08-14,base-10-4800-bgfreeze,submission_base10-4800_bg.csv,0.230578461,,"S023. 누적 9,000 (S019, 0.2412) 의 **생성물에 배경 고정 합성만 얹은 것**. 학습·생성 완전 동일, mp4 후처리만 추가(base/bgfreeze.py). ★-0.0106. 같은 개입을 누적 9,600 에도 얹은 S024 가 -0.0129 로 같은 방향·비슷한 폭이라 **잡음이 아니다**. 팀 최고 갱신. ★방법: 생성 16프레임에서 프레임 0 대비 변화량의 시간축 최대를 구해 상위 10%(q=0.90)를 동적 영역으로 잡고, 6픽셀 팽창 + 8픽셀 페더링 후 배경을 프레임 0 으로 되돌린다. 배경에도 생성본을 15%(floor) 남긴다 — 실제 유지 비율은 화면의 약 34%. 프레임 0 은 원본 그대로. ★step0_rff(+0.093 실패)와 다른 점: 그건 **한 프레임만** 교체해 시간적 불연속이 생겼고, 이건 16프레임 전부에 **같은 마스크**(프레임별로 새로 만들지 않음)를 페더링과 함께 적용해 불연속이 없다. ★비용 0 — GPU 를 안 쓰고 216개에 90초. 학습·생성 산출물에 사후로 얹으므로 어떤 체크포인트·어떤 CFG 와도 조합된다."
2026-08-14,base-10-5400-bgfreeze,submission_base10-5400_bg.csv,0.2358151805,,"S024. 누적 9,600 (S021, 0.2487) 에 같은 배경 고정 합성. -0.0129. S023 과 짝을 이루는 대조로, **하나의 개입을 두 기준선에 얹어** 효과를 확인했다. ★부수 확인: 배경 고정 전 9,000 vs 9,600 격차가 0.0075 였는데 후에도 0.0052 로 순서가 유지됐다 — 9,600 이 9,000 보다 나쁜 것이 완전한 잡음은 아닐 가능성이 조금 올라갔다(다만 여전히 Public 65샘플 잡음 범위)."
2026-08-15,base-10-6000-cfg2.0,submission_base10-6000-cfg2.csv,0.2802921229,,"S025. 누적 10,200 (base-10 6000) · 액션 CFG 2.0. **스텝 축과 CFG 축을 합친 첫 판**이고, 결과는 **합쳐지지 않았다**. 두 기준선 모두에 대해 나쁘다: 누적 9,000·CFG 1.0(0.2412) 대비 **+0.0391**, 누적 4,200·CFG 2.0(0.2695) 대비 **+0.0108**. ★두 변수가 동시에 바뀌어 기여도가 안 갈리지만, 방향은 분명하다 — CFG 가 4,200 에서 준 -0.0189 가 10,200 에서는 나타나지 않았고, 스텝도 9,000 이후로는 이득이 없다. ★스텝 축을 CFG 1.0 계열로만 보면 9,000(0.2412) → 9,600(0.2487) → (10,200 은 CFG 1.0 판이 없음) 로 이미 후퇴 중이었다. 이번 결과는 **누적 9,000 부근이 정점**이라는 해석과 정합적이다. ★가설(미검증): 모델이 액션을 더 잘 쓰게 될수록 CFG 증폭이 과하게 작용해 이득이 사라지거나 손해가 된다 — 4,200 처럼 액션 신호가 약한 체크포인트에서만 증폭이 남는 이득이 있었을 수 있다. 이를 가르려면 **누적 9,000 에 CFG 2.0** 을 한 판 돌려야 한다(같은 체크포인트에서 CFG 만 바뀌는 대조). 생성 V100 216개 168분(46.7초/샘플), DDIM 50, no-ema."
2026-08-15,base-10-6000-cfg1.0,sub_s1_10200_cfg1.csv,0.2794378459,,"S026. 누적 10,200 · CFG 1.0 (순수판). ★S025(같은 체크포인트 CFG 2.0, 0.2803)와 **차이가 -0.0009 로 사실상 없다**. 즉 10,200 이 나빴던 것은 CFG 탓이 아니라 **스텝 탓**이다. 누적 9,000(0.2412) 대비 +0.0382. S025 에서 세운 가설('액션을 잘 쓰는 체크포인트일수록 CFG 증폭이 과해진다')은 S027 이 정면으로 부정한다."
2026-08-15,base-10-4800-cfg2.0,sub_s2_9000_cfg2.csv,0.2299219382,,"S027. **누적 9,000 · CFG 2.0** — 우리 최고 체크포인트에 CFG 만 얹은 대조. ★★0.2412 → 0.2299, **-0.0113**. 팀 최고 갱신(직전 최고는 9,000+배경고정 0.2306). ★CFG 는 잘 학습된 체크포인트에서도 이득이다 — 누적 4,200 에서 -0.0189, 9,000 에서 -0.0113 으로 폭은 줄었지만 방향은 같다. S025 의 '두 축이 더해지지 않는다'는 **10,200 이라는 나쁜 체크포인트를 썼기 때문**이었고, 좋은 체크포인트에서는 더해진다. ★아직 안 낸 조합: 이 판의 배경 고정본(예상 0.218 부근)."
2026-08-15,base-10-8400-cfg1.0,sub_s3_12600_cfg1.csv,0.2630084021,,"S028. 누적 12,600 · CFG 1.0. 10,200(0.2794)보다 낫고 9,600(0.2487)보다 나쁘다 — 스텝 곡선이 단조롭지 않고 오르내린다. 9,000 정점은 유지."
2026-08-15,base-10-9000-cfg1.0,sub_s4_13200_cfg1.csv,0.3014447134,,"S029. 누적 13,200 · CFG 1.0. **0.3014 — 정적(0.3019) 수준까지 되돌아갔다.** 9,000 이후 4개 점(9,600·10,200·12,600·13,200)이 전부 9,000 보다 나쁘고 13,200 에서 급락했다. ★스텝 축은 누적 9,000 에서 끝났다고 판정한다. 이후 학습은 점수에 도움이 안 되며, 5090 의 장기 학습을 계속할 근거가 사라졌다."
2026-08-15,base-10-4800-cfg2.0-bgfreeze,sub_s2_9000_cfg2-bg.csv,0.2091094647,,"S030. **누적 9,000 · CFG 2.0 · 배경 고정** — 세 축을 다 넣은 첫 판이자 팀 최고. 0.2299 → 0.2091, -0.0208. ★★배경 고정의 이득이 CFG 판에서 두 배가 된다: CFG 1.0 에서는 -0.0106(0.2412→0.2306)인데 CFG 2.0 에서는 -0.0208 이다. **두 개입이 서로를 보완한다** — CFG 는 액션을 증폭하면서 배경 잡음도 같이 키우고, 배경 고정이 정확히 그 손실을 걷어낸다. 윤택이 관측한 'CFG 는 Video 성분에서 감점된다'와 정합적이며, 그 감점을 후처리로 되돌릴 수 있다는 뜻이다. ★정적(0.3019) 대비 -0.0928. 8/14 아침 0.3381 에서 하루 반 만에 -0.129."
2026-08-15,base-10-4800-actiononly-cfg2.0-bg,sub_aocfg2_9000-bg.csv,0.2108919277,,"S031. 누적 9,000 · **순수 액션 CFG 2.0** · 배경 고정. S030(표준 CFG 2.0 · 배경 고정, 0.2091)과 **무조건부 분기(uc) 하나만 다르다** — 킷 기본 uc 는 검은 이미지의 CLIP 토큰인데(ddpm3d.py prepare_batch_for_inference), 여기서는 c 에서 액션 성분만 빼서 uc 를 만들었다(base/generate.py build_action_only_uc, --action-only-cfg). 즉 두 분기 차이가 액션 하나뿐이다. ★결과 +0.0018 — Public 65샘플 잡음 범위라 **두 방식이 사실상 동등**하다. ★이것이 P0-1(태양님·GPT 지적)의 결론이다: 지적 자체는 코드로 확정된 사실이었으나(CFG 가 액션 + 이미지를 동시 증폭) **점수에 미치는 실효는 없었다.** 배경 고정이 이미 이미지 증폭의 손실을 걷어내고 있었기 때문으로 보인다. 따라서 표준 CFG 를 계속 써도 무방하고, 'CFG 가 Video 를 깎는다'의 처방은 uc 수정이 아니라 배경 고정이었다. ★비용: 이 검증에 pod 5090 약 1시간($1) 소요. 코드는 남겨두었으므로 나중에 필요하면 바로 쓸 수 있다."
2026-08-15,base-10-4800-cfg3.0-bg,sub_c30_9000_cfg3-bg.csv,0.2154088336,,"S032. 누적 9,000 · 표준 CFG **3.0** · 배경 고정. 같은 조건 CFG 2.0(S030, 0.2091) 대비 **+0.0063 나쁘다**. ★CFG 값 축이 닫혔다 — 1.0(0.2306) → 2.0(0.2091) 은 -0.0215 로 크게 벌었지만 3.0 에서 되돌아간다. **최적은 2.0 부근**이고 그 위로는 과증폭이다. ★체크포인트가 좋아질수록 최적 CFG 가 낮아진다: 누적 4,200(배경 고정 없음)에서는 CFG 3.0(0.2652)이 2.0(0.2695)보다 약간 나았는데, 누적 9,000 에서는 뒤집혔다. 액션 신호가 약한 모델일수록 증폭이 더 필요하고, 잘 학습된 모델에서는 2.0 이면 충분하다는 해석과 맞는다. ★남은 미제출: CFG 2.5 판(원본·배경고정) — 2.0 과 3.0 사이라 값이 작아 제출 보류."
2026-08-15,cfg2.0-rescale0.7-bg,sub_s2_9000_cfg20gr07-bgsafe.csv,0.2226102117,,"S033. **태양님 제출.** 누적 9,000 · CFG 2.0 · **guidance_rescale 0.7** · 배경 고정(안전판). 같은 조건에서 rescale 만 없는 S030(0.2091) 대비 **+0.0135 나쁘다** — CFG 과포화 보정은 이 판에서 손해다. 우리가 ft-05 에서 guidance_rescale 을 뺀 선택이 맞았다는 방증. ※태양님 실행이라 세부(pix_fmt yuv444p 동반 여부 등)는 미확인 — 변수가 둘일 수 있다."
2026-08-16,mw2-600,sub_mw2-600.csv,0.2543746248,,"S034. **motion_weight 2.0 첫 결과.** 누적 4,800(base-09 1800 에서 600스텝) · CFG 1.0 · 배경 고정 없음. ★같은 구간의 mw 0 곡선(4,200 = 0.2884, 7,200 = 0.2872)보다 **-0.033**. 600스텝만에 나온 차이라 크다. ★어텐션 측정과 정합적: 같은 스텝(base10-600, mw 0)과 나란히 재보니 액션을 통째로 제거했을 때 출력 변화가 0.686% → 0.793%(+16%), idx3 은 1.048% → 1.129%(+8%)였다. ‖액션 토큰‖ 비율은 2.37% → 2.38% 로 사실상 불변 — **신호 크기가 커진 게 아니라 UNet 이 같은 신호를 더 쓰게 된 것**이다. 손실 가중치를 팔 영역으로 옮긴 기전이 의도대로 작동했고 점수로도 이어졌다. ★주의: 누적 4,800 의 mw 0 실측 점수는 없다(4,200·7,200 으로 보간). ★함의: 스텝 정점(9,000)까지 4,200스텝 남았고 pod 11.9시간·약 \$12 다. mw 0 의 9,000 정점이 0.2412 였으므로 같은 폭이 유지되면 0.21 대, 여기에 CFG 2.0(-0.011)과 배경 고정(-0.021)을 얹으면 0.18 대가 나온다 — 다만 폭이 유지된다는 보장은 없다."
2026-08-16,mw4-1200-bg,sub_mw4-1200-bg.csv,0.2389497762,,"S035. **motion_weight 4.0 첫 결과.** 누적 5,400(base-09 1800 에서 1,200스텝) · CFG 1.0 · 배경 고정. ★배경 고정은 CFG 1.0 에서 약 -0.011 이므로 원본 환산 **약 0.250**. 같은 구간 mw 0 곡선(4,200 = 0.2884, 7,200 = 0.2872)보다 -0.038 로, mw2-600 의 -0.033 과 비슷하다 — **4.0 이 2.0 보다 낫다는 근거는 아직 없다.** 짝이 되는 mw2-1200(같은 누적 5,400)이 나와야 판정된다. ★8/15 밤 두 pod 학습이 동시에 죽은 원인은 **공용 120GB 볼륨 소진**이었다(mw4 의 step 1800 체크포인트가 335MB 로 잘려 있었다). df 는 뒤에 깔린 공용 저장소(1.8P)를 보여줄 뿐 이 할당량을 보여주지 않는다. 이후 업로더가 HF 업로드 완료분을 로컬에서 지우도록 바꾸고 health.sh 에 du 기반 볼륨 점검을 넣었다."
2026-08-16,mw2-2400-bg,sub_mw2-2400-bg.csv,0.2516020711,,"S036. motion_weight 2.0 · 누적 6,600 · CFG 1.0 · 배경 고정. ★mw2 자체 곡선이 **뒤로 갔다**: 누적 4,800 의 0.2544(원본) 을 배경 고정 환산하면 약 0.2434 인데, 1,800스텝을 더 돌린 6,600 이 0.2516 으로 **+0.008 나쁘다**. mw 0 곡선도 같은 구간(4,200 → 7,200)에서 정체했으므로(0.2884 → 0.2872) motion_weight 가 그 정체를 없애지는 못했다. ★같은 배경 고정 조건에서 mw4 의 누적 5,400(0.2389)이 mw2 의 4,800 환산(0.2434)·6,600(0.2516)보다 **둘 다 낫다** — 다만 스텝이 달라 확정이 아니다. 짝인 mw2-1200(누적 5,400)이 유일한 직접 비교점으로 남았다."
2026-08-16,mw2-4800-cfg2.0-bg,sub_mw2-4800-cfg2-bg.csv,0.2324617875,,"S037. ★★**motion_weight 판정 제출.** 누적 9,000 · CFG 2.0 · 배경 고정 — **팀 최고 0.2091(mw 0)과 스텝·CFG·후처리가 전부 같고 motion_weight 만 2.0 으로 다르다.** 결과 **+0.0234 나쁘다**. ★motion_weight 는 초반에 앞서다가 정점에서 진다: 누적 4,800 에서는 mw 0 곡선(0.287~0.288) 대비 -0.033 이었는데, 정점 9,000 에서는 뒤집혔다. 초반 우세가 최종 우세가 아니다. ★CFG 이득도 절반 이하다 — mw 0 은 0.2306 → 0.2091 로 -0.0215 를 벌었는데 mw2 는 0.2418 → 0.2325 로 -0.0093 뿐이다. motion_weight 가 이미 '액션을 더 쓰게' 만들어 둔 상태라 CFG 증폭이 겹쳐 과해진다는 8/16 낮의 우려가 숫자로 확인됐다. **결론: motion_weight 기각. 최종 레시피는 mw 0 유지.**"
2026-08-16,mw2-4800-cfg1.0-bg,sub_mw2-4800-bg.csv,0.2418089066,,"S038. 누적 9,000 · CFG 1.0 · 배경 고정. 같은 조건 mw 0 은 0.2306 이므로 **+0.0112 나쁘다**. S037 과 짝이 되어 'motion_weight 가 정점에서 진다'를 CFG 유무와 무관하게 확인한다. ★기록 정정: mw4 체크포인트 이름은 누적 = 4,200 + 이름숫자다. `mw4-2400` 은 누적 **6,600** 이지 7,800 이 아니다(8/16 낮에 mw2-3600 과 '같은 스텝 짝'이라고 적은 것은 오기 — mw2-3600 은 누적 7,800 이고 mw4-2400 은 6,600 이었다). 진짜 짝은 지금 생성 중인 `mw4-3600`(누적 7,800)이다."
2026-08-16,mw2-3600-bg,sub_mw2-3600-bg.csv,0.2299168633,,"S039. ★★★**S037 의 'motion_weight 기각' 을 뒤집는다.** 누적 7,800 · CFG 1.0 · 배경 고정 = 0.2299 로, **mw2 의 정점은 9,000 이 아니라 7,800 이다**(9,000 은 0.2418 로 이미 지나친 지점). mw2 곡선: 4,800 약 0.2434 → 6,600 0.2516 → **7,800 0.2299** → 9,000 0.2418. ★**각자의 정점끼리 비교해야 한다**: mw 0 정점(9,000) 0.2306 vs mw2 정점(7,800) **0.2299** — 사실상 동률이거나 근소 우세다. S037/S038 은 mw 0 의 정점을 mw2 에도 그대로 갖다 대어 **이미 과학습된 지점끼리 비교한 오류**였다. 원인은 사용자 지적대로 **motion_weight 가 수렴을 앞당긴 것** — 손실을 팔로 옮기면 빨리 배우고 빨리 끝난다. ★**아직 안 만든 판**: 정점 7,800 에 CFG 2.0 + 배경 고정. mw 0 은 정점에서 CFG 2.0 이 -0.0215 를 벌었고(0.2306 → 0.2091), 같은 폭이면 **0.2084 로 팀 최고 갱신**이다. 단 mw2 가 9,000 에서 보인 CFG 이득은 -0.0093 뿐이었다(과학습 지점 값이라 정점에 그대로 적용된다는 보장은 없다). 예상 구간 0.208~0.221."
2026-08-16,mw4-2400-bg,sub_mw4-2400-bg.csv,0.2408641938,,"S040. motion_weight 4.0 · 누적 6,600 · CFG 1.0 · 배경 고정. 5,400(0.2389)보다 **나쁘다** → **mw4 의 정점은 누적 5,400 이하**다. ★세 갈래의 정점이 용량 순으로 앞당겨진다: mw 0 = 9,000(0.2306) · mw 2.0 = 7,800(0.2299) · mw 4.0 = 5,400 이하(0.2389). **손실을 팔로 옮길수록 빨리 배우고 빨리 끝난다**는 가설이 세 점으로 일관된다. ★다만 정점의 '깊이'는 2.0 에서 최적이다 — 0 과 2.0 은 사실상 동률(0.0007 차, 잡음), 4.0 은 +0.009 나쁘다. 즉 motion_weight 는 **스텝을 아껴주지만 점수를 벌어주지는 않는다.** ★같은 스텝 비교는 방향이 반대다: 누적 6,600 에서 mw4(0.2408)가 mw2(0.2516)를 이긴다 — 초반에는 용량이 클수록 유리하다. ★남은 판: mw2 정점(7,800)에 CFG 2.0. CFG 이득이 mw 0 만큼(-0.0215) 나오면 0.208 로 팀 최고 갱신, mw2 가 9,000 에서 보인 만큼(-0.0093)이면 0.221."
2026-08-17,mw2-7800-cfg2-bg,sub_mw2-7800-cfg2-bg.csv,0.2458517268,,"S041. ★★mw2 정점(누적 7,800) · CFG 2.0 · 배경 고정 = 0.2458. **예상(0.208~0.221)을 크게 벗어났다 — CFG 가 이 지점에서는 오히려 해롭다(+0.0159).** ★CFG 반응이 갈래·스텝마다 뒤집힌다: mw 0 9,000 은 -0.0215, mw2 9,000 은 -0.0093, mw2 7,800 은 **+0.0159**. mw 0 정점과 mw2 정점은 CFG 1.0 에서 0.2306 vs 0.2299 로 사실상 동률인데 CFG 를 얹으면 정반대로 간다 — **점수가 같다고 같은 모델이 아니다.** motion_weight 는 '똑같이 좋지만 증폭에 반대로 반응하는' 해를 만든다. ★**mw2 갈래 종료**: 이 갈래의 최선이 0.2299(7,800·CFG 1.0·배경 고정)이고 팀 최고 0.2091 에 못 미친다. ★함의: 누적 8,400(mw2-4200) 생성은 값어치가 없다 — mw2 의 CFG 2.0 곡선이 7,800(0.2458) → 9,000(0.2325)이라 8,400 은 0.239 부근이다. 야간 4번을 mw 0 갈래 안쪽 수프(base10-4800 + base10-5400)로 바꾼다."
2026-08-17,soup-mw0x2-cfg2-bg,sub_soup-mw0x2-cfg2-bg.csv,0.2241713206,,"S042. ★★**모델 수프(갈래간)** — mw 0 정점(누적 9,000)과 mw 2.0 정점(누적 7,800)의 가중치를 50:50 평균 · CFG 2.0 · 배경 고정. ★**무너지지 않았다**: 0.25 이상으로 튀지 않았으므로 두 해는 **선형으로 이어져 있다**(가중치 평균이 유효한 모델을 만든다). 액션 영향도 총량은 같고 경로 구성과 CFG 반응이 정반대인 두 해였는데도 그렇다. ★그러나 **양쪽 부모를 못 이긴다**: 0.2091(mw0) < 0.2242(수프) < 0.2458(mw2). 선형 보간 예상값 0.2275 보다 -0.0033 나은 정도로, 수프 보너스는 잡음 수준이다. ★**함의: 보간이 아니라 외삽이 남은 방향이다.** 구간 안에서 최저가 w=0(mw0) 끝점이므로, mw2 반대쪽으로 밀어낸 가중치(w = -0.25, 즉 mw0 + 0.25*(mw0 - mw2))가 유일하게 0.2091 아래를 노릴 수 있는 조합이다. 만드는 데 1분, 생성 3시간. ★같은 논리로 지금 도는 갈래내 수프(9,000 x 9,600)도 0.2091 과 9,600 사이로 보간될 가능성이 높다 — 기대치를 낮춰 잡는다."
2026-08-17,cfg2.5-9000-bg,sub_c25_9000_cfg25-bg.csv,0.2110302957,,"S043. 누적 9,000 · CFG **2.5** · 배경 고정. ★CFG 축이 닫힌다: 1.0 = 0.2306 · **2.0 = 0.2091** · 2.5 = 0.2110 · 3.0 = 0.2154. 2.0 과 2.5 의 차이가 +0.0019 로 **잡음 범위**이고 곡선이 그 사이에서 매우 평평하다. 포물선을 맞추면 최적이 2.2 부근인데 예상 이득이 0.002 미만 — Public 30%(약 65개) 표본에서 구분되지 않는 크기다. **2.0 을 유지한다.**"
2026-08-17,bg-quantile0.95,sub_bgq095.csv,0.2208056858,,"S044. 최고 제출과 **완전히 같은 영상**에 배경 고정만 강하게(quantile 0.95, 생성 영역 34% → 27%). 기본값 0.90(0.2091) 대비 **+0.0117 나쁘다.**"
2026-08-17,bg-quantile0.80,sub_bgq080.csv,0.2151567202,,"S045. 같은 영상에 배경 고정 약하게(quantile 0.80, 생성 영역 34% → 55%). 0.90 대비 **+0.0061 나쁘다.** ★★**배경 고정 축이 닫힌다**: 0.80 = 0.2152 · **0.90 = 0.2091** · 0.95 = 0.2208 로 양쪽이 다 나쁜 볼록 곡선이고, 처음에 감으로 고른 0.90 이 사실상 최적이었다. 포물선 최소가 0.885 부근이라 더 밀어야 0.002 미만이고 이는 잡음이다. **비대칭이 하나 읽힌다** — 더 얼리는 쪽(+0.0117)이 덜 얼리는 쪽(+0.0061)보다 두 배 나쁘다. 즉 **팔을 조금 덜 지우는 실수가 배경을 조금 더 남기는 실수보다 비싸다.** ★S043~045 로 **추론·후처리 축은 전부 소진**됐다. 남은 상승 여지는 학습뿐인데 8/17 현재 V100 호스트가 죽어 있고 Runpod EUR-IS-1 재고가 0 이다."
2026-08-18,mw2-1200-bg,sub_mw2-1200-bg.csv,0.2526000044,,"S046. motion_weight 2.0 · 누적 5,400 · CFG 1.0 · 배경 고정. ★★**하루 미뤄둔 같은 스텝 비교가 닫혔다**: 누적 5,400 에서 mw 4.0 = 0.2389, mw 2.0 = 0.2526 → **초반에는 용량이 클수록 유리하다**(-0.0137). 정점의 깊이는 반대였다(0 ≈ 2.0 > 4.0). 두 사실을 합치면 motion_weight 는 **수렴을 앞당기되 최종 도달점은 낮추는** 손잡이다. mw2 배경 고정 곡선 완성: 5,400 = 0.2526 → 6,600 = 0.2516 → **7,800 = 0.2299(정점)** → 9,000 = 0.2418."
2026-08-18,mw2-600-bg(의심),sub_mw2-600-bg.csv,0.2543746248,,"S047. ★**이 점수는 믿을 수 없다.** 배경 고정 없는 판(S034, sub_mw2-600.csv)과 **소수점 10자리까지 완전히 같다.** 두 CSV 는 실제로 다른 파일이다(크기 27,774,260 vs 27,772,753, 첫 50행에서 98줄이 다르고 Video Feature 값 자체가 다르다). 서로 다른 입력에서 같은 점수가 10자리까지 나올 확률은 사실상 0 이므로 **원본 판이 실수로 다시 올라갔거나 채점 쪽에서 이전 결과가 반환된 것**으로 본다. 누적 4,800 의 배경 고정 실측은 여전히 미확보이고 장부의 환산 추정치(약 0.2434)를 그대로 둔다."
2026-08-19,b10x-14400-bg,sub_b10x-14400-bg.csv,0.2422448480,,"S048. 누적 14,400 · CFG 1.0 · 배경 고정. 13,200(원본 0.3014, 배경 고정 환산 약 0.290)에서 **1,200스텝 만에 -0.048** 로 떨어졌다. 두 번째 하강의 시작점."
2026-08-19,b10x-15600-bg,sub_b10x-15600-bg.csv,0.2197907477,,"S049. ★★★**두 번째 골짜기 — 첫 골짜기보다 깊다.** 누적 15,600 · CFG 1.0 · 배경 고정 = 0.2198. **같은 조건 첫 정점(누적 9,000)이 0.2306 이므로 -0.0108 로 넘어섰다.** 스텝 곡선 전체: 9,000(0.2306) → 9,600(0.2358) → 10,200 → 12,600 → 13,200(약 0.290, 정적 수준) → 14,400(0.2422) → **15,600(0.2198)** → 16,800(0.2248). ★8/15 에 '스텝 축은 누적 9,000 에서 끝났다'고 판정했던 것이 **틀렸다** — 정점 이후 크게 올라갔다가 더 깊은 골짜기로 다시 내려온다. 13,200 에서 멈춘 것이 화근이었고, 사용자가 '정점 이후 스텝들'을 복권으로 제안해 다시 판을 열었다. ★**아직 CFG 2.0 을 안 얹었다**: 첫 정점에서 CFG 2.0 은 0.2306 → 0.2091(-0.0215)이었다. 같은 폭이면 0.198 로 팀 최고 대폭 갱신이다."
2026-08-19,b10x-16800-bg,sub_b10x-16800-bg.csv,0.2247887698,,"S050. 누적 16,800 · CFG 1.0 · 배경 고정. 15,600(0.2198) 대비 +0.005 로 되돌아온다 → **두 번째 골짜기의 바닥은 15,600 부근**이다(해상도 1,200스텝). 학습은 여기서 멈췄으므로 그 너머는 미지수다."
2026-08-19,b10x-15600-cfg2-bg,sub_b10x-15600-cfg2-bg.csv,0.2070059040,,"S051. ★★★**팀 최고 갱신 — 0.2070** (직전 0.2091). 두 번째 골짜기(누적 15,600) · CFG 2.0 · 배경 고정. 0.2091 과 레시피가 완전히 같고 학습 스텝만 9,000 → 15,600 이다. ★그런데 **CFG 이득이 첫 골짜기보다 작다**: 첫 골짜기 0.2306 → 0.2091 = -0.0215, 두 번째 0.2198 → 0.2070 = **-0.0128**. ★**중요한 함의**: CFG 1.0 기준으로는 두 번째 골짜기가 첫 번째보다 -0.0108 나았는데, CFG 2.0 을 얹고 나면 격차가 **-0.0021 로 줄어든다.** 즉 스텝을 더 밀어 얻는 이득이 CFG 와 겹치면서 상쇄된다. 세 번째 골짜기(예상 22,200)를 노리는 $15 짜리 베팅의 기대값이 이 숫자만큼 낮아졌다 — 원본에서 또 -0.011 을 벌어도 최종 조합에서는 -0.002 남짓일 수 있다."
2026-08-19,b10x-16800-cfg2-bg,sub_b10x-16800-cfg2-bg.csv,0.2192232429,,"S052. 누적 16,800 · CFG 2.0 · 배경 고정 = 0.2192. 15,600(0.2070) 대비 **+0.0122** → **두 번째 골짜기의 바닥은 15,600 이 맞다**(CFG 1.0 에서 본 순서와 일치, CFG 를 얹어도 안 뒤집힌다). ★**지금 도는 학습(16,800 → 19,200)은 상승 구간을 파고든다.** 주기 가설(골짜기→꼭대기 4,200)대로면 세 번째 꼭대기가 19,800 부근이라 18,000·19,200 은 그 오르막이다. 잔액 $7 로는 세 번째 골짜기 예상 지점(22,200)에 못 닿는다."
2026-08-19,b10-10800-cfg2-bg,sub_b10-10800-cfg2-bg.csv,0.1810434514,,"S053. ★★★★**팀 최고 대폭 갱신 — 0.1810** (직전 0.2070, -0.026). 누적 10,800 · CFG 2.0 · 배경 고정. ★**우리가 잘못된 지도로 항해하고 있었다.** CFG 1.0 원본 곡선에서 10,200 은 0.2794 로 '최악' 구간이었고 그 근거로 10,000~12,000 대를 통째로 버렸다. 그런데 같은 구간에 CFG 2.0 + 배경 고정을 얹으니 **0.1810** 이 나온다. **CFG 이득의 크기가 체크포인트마다 극단적으로 다르다** — 9,000 에서 -0.032(0.2412→0.2091), 10,800 에서는 훨씬 크다. 즉 **CFG 1.0 점수로 스텝을 고르는 방식 자체가 틀렸다.** 8/15 에 '누적 9,000 이 정점'이라 판정하고 8/19 에 '15,600 이 두 번째 골짜기'라 판정한 것 모두 CFG 1.0 지도에 의존한 결과다. ★함의: 최종 레시피(CFG 2.0 + 배경 고정) 기준으로 스텝 축을 **처음부터 다시 훑어야 한다.** V100 에 base10-5400(9,600) · 6000(10,200) · 8400(12,600) · 9000(13,200) 체크포인트가 남아 있다."
2026-08-19,soup-b10-9000x9600-cfg2-bg,sub_soup-b10-cfg2-bg.csv,0.2041724666,,"S054. ★★**갈래내 수프 성공** — 누적 9,000 과 9,600 의 가중치 50:50 평균 · CFG 2.0 · 배경 고정 = 0.2042. 부모는 각각 0.2091 과 (CFG2 환산 약 0.215)이므로 **두 부모를 다 이겼다.** 갈래**간** 수프(mw0 정점 × mw2 정점 = 0.2242)가 부모 사이로 보간만 됐던 것과 대조된다 → **같은 궤적 위 이웃끼리 섞어야 이득이 난다.** 8/17 에 '수프는 보간될 뿐'이라 적은 것을 좁혀야 한다: 갈래를 건너뛰면 보간, 궤적을 따라가면 이득."
2026-08-19,b10-10800-cfg2-raw,sub_b10-10800-cfg2.csv,0.2198232400,,"S055. ★★누적 10,800 · CFG 2.0 · **배경 고정 없음** = 0.2198. 배경 고정판(0.1810) 대비 이득이 **-0.0388** 로, 9,000 에서의 -0.0208 보다 **두 배 가깝다.** ★**후처리가 불허될 경우의 대비값이 확정됐다**: 원본만으로도 10,800(0.2198)이 9,000(0.2299)을 이긴다 → 규정 판정이 어느 쪽이든 **10,800 이 우리 최선**이다."
2026-08-19,mw2-7800-cfg2-raw,sub_mw2-7800-cfg2.csv,0.3032469248,,"S056. mw2 정점(누적 7,800) · CFG 2.0 · 배경 고정 없음 = 0.3032(정적 0.3019 수준). 배경 고정판(0.2459) 대비 **-0.0573** — 잰 것 중 **가장 큰 후처리 이득**이다. ★이 지점은 CFG 도 거꾸로 작동했던 곳(+0.016)인데, 원본이 정적 수준이라는 것은 **CFG 2.0 이 배경을 심하게 흔들어놓았다**는 뜻이고, 배경 고정이 그 피해를 통째로 걷어낸 것이다."
2026-08-19,soup-mw0x2-cfg2-raw,sub_soup-mw0x2-cfg2.csv,0.2559775834,,"S057. 갈래간 수프 · CFG 2.0 · 배경 고정 없음 = 0.2560. 배경 고정판(0.2242) 대비 **-0.0318**. ★세 점을 모으면 **배경 고정 이득이 모델마다 -0.021 ~ -0.057 로 두 배 넘게 흔들린다**(9,000 -0.0208 · 수프 -0.0318 · 10,800 -0.0388 · mw2정점 -0.0573). CFG 이득이 체크포인트마다 달랐던 것과 같은 성질이다 — **어떤 조작의 이득도 모델을 바꾸면 다시 재야 한다**는 것이 이번 대회에서 가장 값비싸게 배운 교훈이다."
2026-08-20,soup-10200x10800-cfg2-bg,sub_soup-10200x10800-cfg2-bg.csv,0.2048120747,,"S058. ★갈래내 수프가 이번엔 **졌다** — 누적 10,200×10,800 균등 평균 · CFG 2.0 · 배경 고정 = 0.2048. 부모 한쪽인 10,800 이 **0.1810** 이므로 수프가 최고 부모보다 **+0.024 나쁘다.** 8/19 의 9,000×9,600 수프(0.2042)가 두 부모를 다 이겼던 것과 정반대다. ★함의: **10,800 은 폭이 좁은 뾰족한 최적점**이다. 이웃과 평균내면 이득이 통째로 사라진다 → 10,200 자체가 상당히 나쁠 가능성이 크고, soup-10800×12600 의 기대도 같이 내려간다. 수프가 통하려면 두 부모가 모두 좋은 구간에 있어야 한다는 조건이 붙는다."
2026-08-20,b10-10200-cfg2-bg,sub_b10-10200-cfg2-bg.csv,0.2291529986,,"S059. 누적 10,200 · CFG 2.0 · 배경 고정 = 0.2292. ★★**수프는 정확히 보간이었다** — 두 부모 0.2292(10,200)와 0.1810(10,800)의 산술평균이 0.2051 인데 실측 수프가 **0.2048**. 소수점 셋째자리까지 일치한다. 8/19 의 9,000×9,600 수프(부모를 이김)와 달리 이번엔 이득이 0 이다. ★**정점의 폭이 600스텝도 안 된다**: 왼쪽 이웃 하나 차이로 +0.048. 남은 이웃 카드(soup-10800×12600 · 12,600 · 9,600)의 기대가 모두 내려간다. ★그리고 **0.1810 이 Public 30%(65샘플)의 운일 가능성을 배제할 수 없다** — 이웃보다 0.048 이나 낮은 뾰족한 점이라 Private 70% 에서 되돌아갈 위험이 있다. 대조군: 15,600(0.2070)은 넓은 골짜기 안에 있어 지역적 뒷받침이 있다."
2026-08-20,b10y-22800-cfg2-bg,sub_b10y-22800-cfg2-bg.csv,0.1981468212,,"S060. ★★★**누적 22,800 = 0.1981 — 팀 2위 기록.** CFG 2.0 · 배경 고정. 15,600(0.2070)과 9,000(0.2091)을 모두 이겼고 0.1810 다음이다. ★**세 번째 골짜기 가설이 맞았다** — 관측된 주기(골짜기→꼭대기 4,200 · 꼭대기→골짜기 2,400 · 주기 약 6,600)로 예측한 세 번째 골짜기가 22,200 부근이었는데 22,800 이 실제로 좋다. 16,800(0.2192)에서 22,800(0.1981)로 내려왔다. ★함의: **학습을 더 밀어붙인 것이 옳았다.** 그리고 0.1810 과 달리 이쪽은 주기 구조라는 독립적 근거가 있다 — 21,600 도 좋게 나오면 **넓은 골짜기**라는 뜻이고, Private 70% 에서 뾰족한 10,800 보다 안전한 선택이 된다. ★★**되돌릴 수 없는 손실**: b10y 체크포인트는 pod 종료로 사라졌다. 22,800 너머(골짜기 바닥이 더 뒤일 수 있다)를 볼 방법이 없다."
2026-08-20,b10y-21600-cfg2-bg,sub_b10y-21600-cfg2-bg.csv,0.1893557197,,"S061. ★★★★**누적 21,600 = 0.1894 — 팀 2위, 최고(0.1810)와 0.008 차.** CFG 2.0 · 배경 고정. ★★**세 번째 골짜기는 넓다** — 21,600(0.1894)과 22,800(0.1981)이 연속으로 좋다. 10,800 이 이웃과 0.048 벌어진 고립된 첨점이었던 것과 결정적으로 다르다. ★**최종 제출 선택의 판이 바뀌었다**: 0.1810 은 65샘플 Public 의 운일 수 있지만, 21,600 은 이웃이 뒷받침한다. Private 70% 기준으로는 이쪽이 더 안전할 수 있다. ★21,600 < 22,800 이므로 **골짜기 바닥이 21,600 이거나 그보다 앞**이다 → 20,400 이 다음 결정타."
2026-08-20,b10y-20400-cfg2-bg,sub_b10y-20400-cfg2-bg.csv,0.1994065858,,"S062. ★★★누적 20,400 = 0.1994. CFG 2.0 · 배경 고정. ★★**세 번째 골짜기의 모양이 완성됐다 — 폭 2,400스텝, 세 점 모두 0.20 미만**: 20,400(0.1994) · 21,600(0.1894, 바닥) · 22,800(0.1981). 깨끗한 U 자다. ★**10,800 과의 대조가 결정적이다**: 10,800 은 0.1810 인데 600스텝 옆 이웃이 0.2292 로 +0.048 벌어진 고립 첨점이고, 21,600 은 양옆이 +0.010/+0.009 로 붙어 있다. 점수가 진짜 실력을 반영한다면 이웃도 따라온다 → **0.1810 에는 운이 섞여 있을 가능성이 크고, 0.1894 는 실제 수준으로 보인다.** Private 70% 기준 최종 제출은 21,600 이 유력하다. ★★**뼈아픈 손실**: 21,600×22,800 은 8/19 에 수프가 통했던 조건(같은 궤적 · 인접 · 둘 다 좋음)을 정확히 만족하는데, pod 종료로 체크포인트가 사라져 만들 수 없다."
2026-08-20,b10y-19200-cfg2-bg,sub_b10y-19200-cfg2-bg.csv,0.2049762691,,"S063. 누적 19,200 = 0.2050. CFG 2.0 · 배경 고정. 20,400(0.1994)보다 나쁘고 18,000(0.2024)보다도 살짝 나쁘다 — 골짜기 안의 작은 요철로 보인다."
2026-08-20,b10y-18000-cfg2-bg,sub_b10y-18000-cfg2-bg.csv,0.2023817854,,"S064. 누적 18,000 = 0.2024. ★★★**b10y 다섯 점이 전부 0.205 이하다** — 18,000(0.2024) · 19,200(0.2050) · 20,400(0.1994) · 21,600(0.1894) · 22,800(0.1981). 16,800(0.2192)에서 떨어진 뒤 **폭 4,800스텝 이상의 넓은 좋은 구간**이 이어진다. 이 다섯 점 전부가 종전 기록(15,600=0.2070, 9,000=0.2091)보다 좋다. ★**10,800 의 고립성이 더 뚜렷해졌다**: 초반 구간은 9,000(0.2091)·10,200(0.2292)·15,600(0.2070)·16,800(0.2192)로 0.21 근처인데 10,800 만 0.1810 이다. 이웃 평균에서 0.04 넘게 떨어진 단일 이상점. 반면 b10y 구간은 다섯 점이 0.1894~0.2050(폭 0.016) 안에 모여 있다. ★결론: **0.1810 은 Public 65문제의 운이 상당 부분 섞인 값일 가능성이 높고, 21,600 의 0.1894 가 실제 수준이다.** 최종 제출은 21,600 을 권한다."
2026-08-20,b10-13200-cfg2-bg,sub_b10-13200-cfg2-bg.csv,0.2319663662,,"S065. 누적 13,200 = 0.2320. CFG 2.0 · 배경 고정. 오늘 낸 것 중 최악이고 10,200(0.2292)과 비슷하다. ★**10,800 의 고립성이 양쪽에서 확인됐다**: 왼쪽 10,200 = 0.2292, 오른쪽으로 12,600 방향의 13,200 = 0.2320. 정점 양옆이 모두 0.23 인데 정점만 0.1810 이다. 이웃 평균 대비 -0.05 짜리 단일 이상점 — Public 65문제의 운이 섞였다고 볼 근거가 하나 더 늘었다."
2026-08-20,soup-10800x12600-cfg2-bg,sub_soup-10800x12600-cfg2-bg.csv,0.1864154912,,"S066. ★★★**갈래내 수프 = 0.1864 — 팀 2위, 0.1810 에 0.005 차.** 누적 10,800 × 12,600 균등 평균 · CFG 2.0 · 배경 고정. ★**보간이 아니다.** 13,200 이 0.2320 이므로 12,600 도 0.23 근처로 추정되는데, 보간이라면 (0.1810+0.23)/2 = 0.205 가 나와야 한다. 실제는 0.1864 로 **보간 예측보다 0.019 좋다.** 같은 날 만든 soup(10,200×10,800)이 산술평균과 셋째자리까지 일치했던 것과 정반대다. ★오늘 아침에 적은 '수프는 두 부모가 모두 좋아야 이득' 이라는 조건이 흔들린다 — 여기서는 부모 한쪽이 나쁜데도 이득이 났다. ★최종 제출 후보가 셋이 됐다: 0.1810(고립 첨점) · 0.1864(수프) · 0.1894(넓은 골짜기 바닥). **수프는 가중치 평균이라 더 평평한 최소점에 있고, 일반화가 좋아지는 것이 Model Soups 의 원래 주장이다** — Private 70% 관점에서 단일 체크포인트보다 유리할 수 있다."
2026-08-20,b10-12600-cfg2-bg,sub_b10-12600-cfg2-bg.csv,0.2055822936,,"S067. 누적 12,600 = 0.2056 — 예상(0.23)보다 훨씬 좋다. ★**수프의 정체가 확정됐다**: 부모 0.1810(10,800)과 0.2056(12,600), 산술평균 0.1933, 실제 수프 **0.1864**. 즉 **보간보다 0.0069 좋지만 최고 부모보다는 0.0054 나쁘다.** 오늘 세 개의 수프를 정리하면 — 9,000×9,600: 두 부모를 다 이김 / 10,200×10,800: 정확히 보간 / 10,800×12,600: 보간보다 좋지만 최고 부모 미달. **가중치 평균은 평균보다 나은 지점을 주지만 최고 부모를 이긴다는 보장은 없다**는 것이 오늘의 결론이다. ★10,800 의 양옆이 갱신됐다: 10,200 = 0.2292(600스텝 왼쪽) · 12,600 = 0.2056(1,800스텝 오른쪽). 여전히 이웃보다 0.025~0.048 낮은 고립 지점이다. ★**최종 제출 판단**: 수프는 Public 에서 10,800 에 밀리고 구조적 근거에서 21,600 에 밀린다 — 두 축 모두 2등이라 중간을 고르는 이점이 약해졌다."
