dataset,n_episodes,n_frames,total_episodes_meta,total_frames_meta,fps,original_fps,downsample_stride,robot_type,codebase_version,n_video_keys,camera_key,height,width,codec,pix_fmt,len_min,len_p25,len_median,len_p75,len_max,len_mean,n_short_lt16,n_windows_lt16,n_tasks,task_sample,action_dim,action_names,state_dim,action_rows,action_nan,a_main_shoulder_pan_mean,a_main_shoulder_pan_std,a_main_shoulder_pan_min,a_main_shoulder_pan_max,a_main_shoulder_lift_mean,a_main_shoulder_lift_std,a_main_shoulder_lift_min,a_main_shoulder_lift_max,a_main_elbow_flex_mean,a_main_elbow_flex_std,a_main_elbow_flex_min,a_main_elbow_flex_max,a_main_wrist_flex_mean,a_main_wrist_flex_std,a_main_wrist_flex_min,a_main_wrist_flex_max,a_main_wrist_roll_mean,a_main_wrist_roll_std,a_main_wrist_roll_min,a_main_wrist_roll_max,a_main_gripper_mean,a_main_gripper_std,a_main_gripper_min,a_main_gripper_max,a_left_shoulder_pan_mean,a_left_shoulder_pan_std,a_left_shoulder_pan_min,a_left_shoulder_pan_max,a_left_shoulder_lift_mean,a_left_shoulder_lift_std,a_left_shoulder_lift_min,a_left_shoulder_lift_max,a_left_elbow_flex_mean,a_left_elbow_flex_std,a_left_elbow_flex_min,a_left_elbow_flex_max,a_left_wrist_flex_mean,a_left_wrist_flex_std,a_left_wrist_flex_min,a_left_wrist_flex_max,a_left_wrist_roll_mean,a_left_wrist_roll_std,a_left_wrist_roll_min,a_left_wrist_roll_max,a_left_gripper_mean,a_left_gripper_std,a_left_gripper_min,a_left_gripper_max
00ri/so100_battery,50,4872,50,4872,6,30,5,so100,v2.1,1,observation.images.image,480,640,av1,yuv420p,76,90.0,100.0,104.0,119,97.44,0,0,1,Grasp a battery and put it in the bin.,6,main_shoulder_pan|main_shoulder_lift|main_elbow_flex|main_wrist_flex|main_wrist_roll|main_gripper,6,4872,0,-4.33,18.08,-59.77,48.25,137.258,46.574,42.01,189.49,125.226,38.949,21.18,167.26,68.377,10.062,31.73,96.33,-0.633,27.377,-84.29,90.62,2.839,5.928,-0.18,35.68,,,,,,,,,,,,,,,,,,,,,,,,
00ri/so100_battery_bin_center,50,3562,50,3562,6,30,5,so100,v2.1,1,observation.images.image,480,640,av1,yuv420p,1,61.0,69.5,78.75,111,71.24,1,1,1,Grasp a battery and put it in the bin.,6,main_shoulder_pan|main_shoulder_lift|main_elbow_flex|main_wrist_flex|main_wrist_roll|main_gripper,6,3562,0,2.038,15.981,-45.97,71.19,136.585,44.162,48.34,185.89,131.693,37.854,22.5,169.89,63.15,11.948,23.2,83.94,0.23,28.268,-89.38,94.75,3.258,7.156,-0.09,37.78,,,,,,,,,,,,,,,,,,,,,,,,
356c/so100_duck_reposition_1,60,9773,60,9773,6,30,5,so100,v2.1,1,observation.images.image,480,640,av1,yuv420p,130,154.75,166.0,175.5,179,162.88,0,0,1,Grasp tool and reposition duck,6,main_shoulder_pan|main_shoulder_lift|main_elbow_flex|main_wrist_flex|main_wrist_roll|main_gripper,6,9773,0,7.114,15.456,-40.87,61.35,126.355,41.83,61.26,195.47,133.356,32.901,60.82,185.36,58.945,15.596,-44.38,97.91,-81.41,13.102,-122.7,17.31,2.702,8.306,-0.36,49.76,,,,,,,,,,,,,,,,,,,,,,,,
356c/so100_nut_sort_1,60,8698,60,8698,6,30,5,so100,v2.1,1,observation.images.image,480,640,av1,yuv420p,80,117.0,141.5,169.75,220,144.97,0,0,1,Pick nuts and sort by color.,6,main_shoulder_pan|main_shoulder_lift|main_elbow_flex|main_wrist_flex|main_wrist_roll|main_gripper,6,8698,0,2.411,14.681,-41.04,39.55,127.278,44.002,58.36,195.47,132.587,32.709,70.14,186.59,57.106,9.441,1.58,89.47,-73.286,12.96,-104.59,14.33,38.004,14.133,0.0,65.38,,,,,,,,,,,,,,,,,,,,,,,,
AndrejOrsula/lerobot_double_ball_stacking_random,41,2886,41,2886,6,30,5,so100,v2.1,1,observation.images.image,480,640,h264,yuv420p,40,61.0,69.0,78.0,113,70.39,0,0,1,Stack the balls on top of each other.,6,main_shoulder_pan|main_shoulder_lift|main_elbow_flex|main_wrist_flex|main_wrist_roll|main_gripper,6,2886,0,4.292,31.514,-87.28,74.27,103.806,37.573,19.95,195.03,77.736,44.686,-14.77,172.97,82.27,17.116,26.37,107.75,-88.515,14.568,-136.93,-29.88,27.7,21.535,-0.29,99.61,,,,,,,,,,,,,,,,,,,,,,,,
Bartm3/dice2,197,13216,197,13216,6,30,5,so100,v2.1,1,observation.images.image,480,640,av1,yuv420p,18,59.0,66.0,74.0,106,67.09,0,0,1,Grasp a dice and put it in the bin.,6,main_shoulder_pan|main_shoulder_lift|main_elbow_flex|main_wrist_flex|main_wrist_roll|main_gripper,6,13216,0,-5.365,20.133,-54.32,52.73,134.962,50.875,40.96,191.42,142.658,32.253,26.89,178.0,32.075,32.171,-84.38,103.54,58.323,43.058,-18.19,136.58,7.899,11.29,-0.4,37.14,,,,,,,,,,,,,,,,,,,,,,,,
Beegbrain/pick_lemon_and_drop_in_bowl,40,3087,40,3087,6,30,5,so100,v2.1,1,observation.images.image,480,640,h264,yuv420p,62,70.75,76.0,80.25,101,77.17,0,0,1,Pick the yellow lemon and drop it in the red bowl,6,main_shoulder_pan|main_shoulder_lift|main_elbow_flex|main_wrist_flex|main_wrist_roll|main_gripper,6,3087,0,-4.267,18.919,-42.63,60.12,114.936,50.936,27.16,189.67,103.254,51.292,-9.76,181.05,71.048,13.258,27.77,101.16,-4.854,21.101,-101.43,54.76,15.791,22.489,0.0,66.04,,,,,,,,,,,,,,,,,,,,,,,,
Beegbrain/pick_place_green_block,40,3466,40,3466,6,30,5,so100,v2.1,1,observation.images.image,480,640,av1,yuv420p,72,79.75,83.5,94.25,104,86.65,0,0,1,pick the green block and place it in the red cup,6,main_shoulder_pan|main_shoulder_lift|main_elbow_flex|main_wrist_flex|main_wrist_roll|main_gripper,6,3466,0,0.092,27.182,-90.44,85.25,121.788,44.634,27.95,189.49,104.641,46.704,-0.35,174.46,73.766,11.917,45.53,99.49,1.172,23.016,-86.66,78.57,8.912,16.275,-0.09,56.62,,,,,,,,,,,,,,,,,,,,,,,,
Beegbrain/sweep_tissue_cube,30,3225,30,3225,6,30,5,so100,v2.1,1,observation.images.image,480,640,h264,yuv420p,60,89.25,99.0,121.75,179,107.5,0,0,1,Sweep the red cubes to the right with the tissue bag,6,main_shoulder_pan|main_shoulder_lift|main_elbow_flex|main_wrist_flex|main_wrist_roll|main_gripper,6,3225,0,1.745,24.149,-57.92,85.08,99.493,44.624,27.95,189.58,107.63,38.163,17.75,183.25,53.515,13.378,-9.23,101.07,-5.583,20.988,-127.0,41.13,0.001,0.086,-0.09,3.37,,,,,,,,,,,,,,,,,,,,,,,,
CSCSXX/pick_place_cube_1.18,50,3319,50,3319,6,30,5,so100,v2.1,1,observation.images.image,480,640,av1,yuv420p,44,60.25,65.0,72.0,84,66.38,0,0,1,pick-place-cube,6,main_shoulder_pan|main_shoulder_lift|main_elbow_flex|main_wrist_flex|main_wrist_roll|main_gripper,6,3319,0,10.261,20.228,-53.53,50.19,135.454,35.121,59.24,192.66,131.139,28.916,57.48,177.71,46.915,23.236,-22.94,102.3,-7.798,19.154,-86.92,35.51,12.732,14.672,-0.28,51.17,,,,,,,,,,,,,,,,,,,,,,,,
Chojins/chess_game_000_white_red,103,8120,103,8120,6,30,5,so100,v2.1,1,observation.images.image,480,640,av1,yuv420p,1,65.0,72.0,86.0,142,78.83,1,1,1,Move the red chess pieces as indicated by the highlighted squares,6,main_shoulder_pan|main_shoulder_lift|main_elbow_flex|main_wrist_flex|main_wrist_roll|main_gripper,6,8120,0,-1.562,13.775,-39.9,46.76,124.624,40.545,36.21,181.76,125.207,18.009,46.41,170.16,67.274,20.52,19.42,101.34,-88.84,34.442,-203.38,-25.31,2.829,4.264,-0.19,18.34,,,,,,,,,,,,,,,,,,,,,,,,
Chojins/chess_game_001_blue_stereo,577,47001,577,47001,6,30,5,so100-blue,v2.1,1,observation.images.image,480,640,av1,yuv420p,44,65.0,74.0,92.0,169,81.46,0,0,1,Move the blue chess pieces as indicated by the highlighted squares,6,main_shoulder_pan|main_shoulder_lift|main_elbow_flex|main_wrist_flex|main_wrist_roll|main_gripper,6,47001,0,1.389,14.244,-40.08,57.3,125.469,39.246,40.43,181.67,125.22,18.209,42.63,174.46,64.017,23.347,5.89,102.39,-106.73,38.187,-253.12,-12.57,3.271,4.933,-0.19,22.87,,,,,,,,,,,,,,,,,,,,,,,,
Chojins/chess_game_001_red_stereo,535,47079,535,47079,6,30,5,so100-red,v2.1,1,observation.images.image,480,640,av1,yuv420p,52,69.0,82.0,102.0,179,88.0,0,0,1,Move the red chess pieces as indicated by the highlighted squares,6,main_shoulder_pan|main_shoulder_lift|main_elbow_flex|main_wrist_flex|main_wrist_roll|main_gripper,6,47079,0,2.857,14.479,-40.96,60.56,125.486,42.551,39.11,181.67,123.912,18.422,47.02,174.46,66.926,21.753,12.3,102.66,-102.906,32.94,-227.72,8.61,2.851,4.409,-0.19,55.1,,,,,,,,,,,,,,,,,,,,,,,,
Chojins/chess_game_009_white,342,28272,342,28272,6,30,5,so100,v2.1,1,observation.images.image,480,640,av1,yuv420p,1,67.0,76.5,98.0,152,82.67,3,3,1,Move the blue chess pieces as indicated by the highlighted squares,6,main_shoulder_pan|main_shoulder_lift|main_elbow_flex|main_wrist_flex|main_wrist_roll|main_gripper,6,28272,0,1.056,14.969,-40.08,60.82,121.763,40.443,37.71,181.76,123.588,19.527,41.84,172.09,63.91,21.904,11.43,102.04,-91.291,31.495,-219.29,-15.21,3.958,5.472,-0.19,25.61,,,,,,,,,,,,,,,,,,,,,,,,
DorayakiLin/so100_pick_charger_on_tissue,50,5125,50,5125,6,30,5,so100,v2.1,1,observation.images.image,480,640,av1,yuv420p,1,86.25,97.5,110.5,180,102.5,1,1,1,Pick up the charger and put it on the white tissue.,6,main_shoulder_pan|main_shoulder_lift|main_elbow_flex|main_wrist_flex|main_wrist_roll|main_gripper,6,5125,0,17.142,13.163,-12.57,68.55,128.867,51.721,8.79,181.67,115.167,41.303,-19.25,153.19,69.603,14.246,25.14,118.56,-21.812,27.833,-125.24,62.93,14.041,18.781,-0.1,63.21,,,,,,,,,,,,,,,,,,,,,,,,
FeiYjf/new_GtoR,378,25420,378,25420,6,30,5,so100,v2.1,1,observation.images.image,480,640,av1,yuv420p,1,54.0,62.0,73.0,154,67.25,1,1,1,new_GtoR,6,main_shoulder_pan|main_shoulder_lift|main_elbow_flex|main_wrist_flex|main_wrist_roll|main_gripper,6,25420,0,5.164,21.948,-67.59,58.1,96.987,27.941,34.54,140.1,92.515,30.131,4.57,141.06,92.191,11.375,38.06,115.66,96.274,34.405,-1.76,205.31,1.445,1.317,-0.83,3.89,,,,,,,,,,,,,,,,,,,,,,,,
FsqZ/so100_1,40,3854,40,3854,6,30,5,so100,v2.1,1,observation.images.image,480,640,h264,yuv420p,69,81.0,93.5,104.25,134,96.35,0,0,1,put the yellow cube inside the purple box,6,main_shoulder_pan|main_shoulder_lift|main_elbow_flex|main_wrist_flex|main_wrist_roll|main_gripper,6,3854,0,-2.535,16.246,-43.95,29.97,115.329,56.224,23.82,190.37,99.152,59.42,-14.77,176.13,71.789,17.329,10.46,102.66,-14.292,16.058,-49.83,32.7,26.31,24.367,-0.09,82.89,,,,,,,,,,,,,,,,,,,,,,,,
Gano007/so100_medic,50,3599,50,3599,6,30,5,so100,v2.1,1,observation.images.image,480,640,h264,yuv420p,71,72.0,72.0,72.0,72,71.98,0,0,1,Grasp a medic box and put it in the bin.,6,main_shoulder_pan|main_shoulder_lift|main_elbow_flex|main_wrist_flex|main_wrist_roll|main_gripper,6,3599,0,-7.085,27.676,-74.0,70.14,110.32,52.131,28.56,191.34,86.177,51.055,-9.32,183.52,79.831,21.504,-9.49,105.91,-17.898,33.184,-150.47,50.71,6.424,11.29,-2.62,46.95,,,,,,,,,,,,,,,,,,,,,,,,
HITHY/so100_peach3,100,5363,100,5363,6,30,5,so100,v2.1,1,observation.images.image,480,640,h264,yuv420p,32,43.75,52.0,62.0,84,53.63,0,0,1,Grasp a peach and put it in the bin.,6,main_shoulder_pan|main_shoulder_lift|main_elbow_flex|main_wrist_flex|main_wrist_roll|main_gripper,6,5363,0,-6.524,15.226,-64.25,50.71,123.441,51.114,21.36,192.57,125.454,42.406,16.08,180.88,50.047,27.86,-40.17,104.5,53.349,39.929,-43.33,149.15,14.428,23.422,-0.54,96.15,,,,,,,,,,,,,,,,,,,,,,,,
HITHY/so100_peach4,400,19841,400,19841,6,30,5,so100,v2.1,1,observation.images.image,480,640,h264,yuv420p,1,40.0,50.0,59.0,125,49.6,7,7,1,Grasp a peach and put it on the plate.,6,main_shoulder_pan|main_shoulder_lift|main_elbow_flex|main_wrist_flex|main_wrist_roll|main_gripper,6,19841,0,-8.972,11.859,-57.92,45.18,117.239,58.133,-11.16,192.83,119.483,49.191,-12.13,180.88,38.139,35.776,-69.43,103.97,54.307,42.661,-95.1,134.3,19.491,27.485,-0.54,100.18,,,,,,,,,,,,,,,,,,,,,,,,
HITHY/so100_strawberry,153,8229,153,8229,6,30,5,so100,v2.1,1,observation.images.image,480,640,h264,yuv420p,1,50.0,54.0,59.0,132,53.78,1,1,1,Grasp a strawberry and put it in the bin.,6,main_shoulder_pan|main_shoulder_lift|main_elbow_flex|main_wrist_flex|main_wrist_roll|main_gripper,6,8229,0,-8.703,8.347,-45.44,14.68,115.094,61.684,3.43,192.74,126.7,48.7,6.33,180.88,17.754,37.889,-71.46,76.29,53.58,45.516,-118.48,119.62,23.467,29.439,-0.36,92.39,,,,,,,,,,,,,,,,,,,,,,,,
Ityl/so100_recording2,45,2747,45,2747,6,30,5,so100,v2.1,1,observation.images.image,480,640,av1,yuv420p,1,55.0,62.0,67.0,91,61.04,1,1,1,Puttingg red block on blue one,6,main_shoulder_pan|main_shoulder_lift|main_elbow_flex|main_wrist_flex|main_wrist_roll|main_gripper,6,2747,0,1.608,16.618,-33.05,31.64,126.521,41.058,53.09,189.49,121.339,36.404,39.29,178.42,60.283,18.575,17.49,99.49,-1.487,15.885,-61.17,32.52,15.663,15.084,-0.09,54.84,,,,,,,,,,,,,,,,,,,,,,,,
Jiafei1224/so100_pa222per,30,2700,30,2700,6,30,5,so100,v2.1,1,observation.images.image,480,640,av1,yuv420p,90,90.0,90.0,90.0,90,90.0,0,0,1,pack stuff.,6,main_shoulder_pan|main_shoulder_lift|main_elbow_flex|main_wrist_flex|main_wrist_roll|main_gripper,6,2700,0,1.348,8.491,-17.4,34.1,121.268,56.892,19.51,183.25,109.87,54.327,-18.9,170.86,73.125,11.885,43.77,106.61,-37.84,13.073,-68.55,-8.17,31.373,13.603,-2.06,71.43,,,,,,,,,,,,,,,,,,,,,,,,
Jiangeng/so100_413,50,3590,50,3590,6,30,5,so100,v2.1,1,observation.images.image,480,640,av1,yuv420p,52,67.25,72.5,77.0,100,71.8,0,0,1,Pick the cube,6,left_shoulder_pan|left_shoulder_lift|left_elbow_flex|left_wrist_flex|left_wrist_roll|left_gripper,6,3590,0,,,,,,,,,,,,,,,,,,,,,,,,,-1.609,16.862,-65.57,69.08,131.426,42.65,39.81,188.53,127.599,35.145,27.07,175.61,61.766,12.75,19.25,103.89,-3.544,18.71,-86.75,64.69,10.287,13.601,-0.1,57.56
LemonadeDai/so100_coca,50,3000,50,3000,6,30,5,so100,v2.1,1,observation.images.image,480,640,av1,yuv420p,60,60.0,60.0,60.0,60,60.0,0,0,1,Grasp a coca and flip,6,main_shoulder_pan|main_shoulder_lift|main_elbow_flex|main_wrist_flex|main_wrist_roll|main_gripper,6,3000,0,92.637,7.934,57.22,125.24,127.603,50.483,20.74,191.51,149.16,30.949,-9.84,182.99,3.395,53.161,-105.73,100.99,-39.053,31.648,-95.1,55.2,14.155,16.806,-0.51,56.54,,,,,,,,,,,,,,,,,,,,,,,,
Loki0929/so100_duck,300,26778,300,26778,6,30,5,so100,v2.0,1,observation.images.image,480,640,h264,yuv420p,70,82.0,88.0,94.0,123,89.26,0,0,1,"Grasp red, green, yellow ducks and put them in the box.",6,main_shoulder_pan|main_shoulder_lift|main_elbow_flex|main_wrist_flex|main_wrist_roll|main_gripper,6,26778,0,4.33,24.438,-47.37,50.27,113.842,51.078,28.48,189.76,106.996,51.642,-8.35,178.24,61.747,24.8,-43.51,99.67,-71.883,22.207,-116.28,-16.88,14.493,17.395,-0.09,65.37,,,,,,,,,,,,,,,,,,,,,,,,
Mohamedal/put_banana,30,4026,30,4026,6,30,5,so100,v2.1,1,observation.images.image,480,640,h264,yuv420p,110,125.25,133.0,142.0,173,134.2,0,0,1,put the banana in the red bowl.,6,main_shoulder_pan|main_shoulder_lift|main_elbow_flex|main_wrist_flex|main_wrist_roll|main_gripper,6,4026,0,0.646,19.668,-44.21,61.0,127.638,54.84,27.6,190.99,113.097,55.234,3.78,182.55,66.133,14.775,-23.73,104.06,-5.706,21.188,-107.05,56.25,6.879,13.956,-0.46,47.66,,,,,,,,,,,,,,,,,,,,,,,,
Mwuqiu/so100_0408_muti,66,5756,66,5756,6,30,5,so100,v2.1,1,observation.images.image,480,640,h264,yuv420p,56,78.0,87.5,95.75,119,87.21,0,0,1,Grasp a yellow duck and put it in the box.,6,main_shoulder_pan|main_shoulder_lift|main_elbow_flex|main_wrist_flex|main_wrist_roll|main_gripper,6,5756,0,-8.902,16.656,-58.62,40.52,132.605,47.189,40.25,187.12,119.021,48.777,14.77,179.3,64.879,11.243,36.83,94.83,-16.089,9.119,-71.02,-1.76,7.764,10.247,-1.08,36.11,,,,,,,,,,,,,,,,,,,,,,,,
NONHUMAN-RESEARCH/SOARM100_TASK_VENDA,150,15300,150,15300,6,30,5,so100,v2.1,1,observation.images.image,480,640,h264,yuv420p,102,102.0,102.0,102.0,102,102.0,0,0,1,,6,main_shoulder_pan|main_shoulder_lift|main_elbow_flex|main_wrist_flex|main_wrist_roll|main_gripper,6,15300,0,5.994,22.952,-65.39,64.6,145.347,46.263,20.39,196.44,136.571,40.064,-6.94,181.14,67.958,12.651,22.5,108.02,10.821,22.598,-40.87,122.52,9.522,15.582,-0.46,96.4,,,,,,,,,,,,,,,,,,,,,,,,
Odog16/so100_cube_drop_pick_v1,40,1947,40,1947,6,30,5,so100,v2.1,1,observation.images.image,480,640,av1,yuv420p,1,40.5,58.0,58.0,59,48.67,3,3,1,"Pick up orange cube, drop it, then retrieve it",6,main_shoulder_pan|main_shoulder_lift|main_elbow_flex|main_wrist_flex|main_wrist_roll|main_gripper,6,1947,0,4.976,17.207,-78.31,71.72,135.216,35.656,28.48,189.67,126.3,30.878,14.06,178.59,68.343,13.465,24.52,103.45,-78.555,15.912,-135.18,-19.07,18.803,8.544,-0.4,37.95,,,,,,,,,,,,,,,,,,,,,,,,
Odog16/so100_cube_stacking_v1,50,7761,50,7761,6,30,5,so100,v2.1,1,observation.images.image,480,640,h264,yuv420p,115,138.0,150.0,165.25,217,155.22,0,0,1,stack cubes in order black blue orange,6,main_shoulder_pan|main_shoulder_lift|main_elbow_flex|main_wrist_flex|main_wrist_roll|main_gripper,6,7761,0,-2.106,11.87,-49.22,47.29,120.729,46.953,28.56,191.07,117.464,42.995,13.45,178.51,71.183,13.811,-2.02,99.76,-88.133,12.413,-137.02,-29.09,11.24,8.611,0.0,34.77,,,,,,,,,,,,,,,,,,,,,,,,
RasmusP/so100_Orange2Green,50,5949,50,5949,6,30,5,so100,v2.1,1,observation.images.image,480,640,av1,yuv420p,118,119.0,119.0,119.0,119,118.98,0,0,1,Grasp the orange block and drop it in the box.,6,main_shoulder_pan|main_shoulder_lift|main_elbow_flex|main_wrist_flex|main_wrist_roll|main_gripper,6,5949,0,3.6,26.215,-55.37,62.93,120.699,43.73,37.18,192.3,117.335,39.383,35.51,181.67,70.165,16.248,7.82,111.01,-0.969,14.377,-49.48,48.69,20.233,18.703,-1.13,69.44,,,,,,,,,,,,,,,,,,,,,,,,
VoicAndrei/so100_banana_to_plate_only,120,6262,120,6262,6,30,5,so100,v2.1,1,observation.images.image,480,640,av1,yuv420p,27,43.75,51.0,61.25,83,52.18,0,0,1,Pick up the banana and place it on the plate,6,main_shoulder_pan|main_shoulder_lift|main_elbow_flex|main_wrist_flex|main_wrist_roll|main_gripper,6,6262,0,13.35,20.139,-48.87,71.37,102.537,40.637,24.7,185.8,101.615,40.856,11.34,174.9,59.22,15.568,-16.7,105.64,19.41,43.871,-137.72,95.54,14.777,16.783,-0.38,98.2,,,,,,,,,,,,,,,,,,,,,,,,
ZGGZZG/so100_drop0,33,3183,33,3183,6,30,5,so100,v2.1,1,observation.images.image,480,640,av1,yuv420p,13,85.0,100.0,106.0,133,96.45,1,1,1,Grasp a ball and put it in the hole.,6,left_shoulder_pan|left_shoulder_lift|left_elbow_flex|left_wrist_flex|left_wrist_roll|left_gripper,6,3183,0,,,,,,,,,,,,,,,,,,,,,,,,,5.752,9.286,-18.54,35.95,134.157,49.752,30.23,185.19,138.823,39.53,-7.03,178.07,54.566,24.643,-43.33,104.5,3.534,8.184,-19.25,27.6,3.238,5.547,0.0,22.86
ad330/cubePlace,50,3000,50,3000,6,30,5,so100,v2.0,1,observation.images.image,480,640,av1,yuv420p,60,60.0,60.0,60.0,60,60.0,0,0,1,Grasp white cube and place it in the bowl.,6,main_shoulder_pan|main_shoulder_lift|main_elbow_flex|main_wrist_flex|main_wrist_roll|main_gripper,6,3000,0,15.129,21.328,-5.54,66.62,142.968,54.521,45.62,193.36,128.24,51.848,29.09,178.51,72.287,14.913,21.01,105.82,-4.731,16.606,-91.76,41.04,14.108,17.254,-0.09,69.22,,,,,,,,,,,,,,,,,,,,,,,,
aimihat/so100_tape,30,2700,30,2700,6,30,5,so100,v2.1,1,observation.images.image,480,640,av1,yuv420p,90,90.0,90.0,90.0,90,90.0,0,0,1,pick up the tape.,6,main_shoulder_pan|main_shoulder_lift|main_elbow_flex|main_wrist_flex|main_wrist_roll|main_gripper,6,2700,0,7.952,23.465,-21.09,65.57,144.569,42.826,53.61,189.23,121.586,44.91,20.74,179.3,70.431,13.655,33.22,102.04,-9.193,10.454,-46.93,20.92,7.014,13.113,-1.73,53.79,,,,,,,,,,,,,,,,,,,,,,,,
aractingi/push_cube_offline_data,30,1591,30,1591,6,30,5,so100,v2.1,1,observation.images.image,480,640,av1,yuv420p,17,35.25,43.0,56.75,172,53.03,0,0,1,Push the green cube to the yellow sticker,6,main_shoulder_pan|main_shoulder_lift|main_elbow_flex|main_wrist_flex|main_wrist_roll|main_gripper,6,1591,0,-9.597,21.819,-78.66,40.43,99.701,19.645,62.4,131.84,112.487,24.79,67.24,145.99,58.59,14.061,36.04,82.09,77.897,0.421,77.34,78.22,0.546,0.023,0.54,0.6,,,,,,,,,,,,,,,,,,,,,,,,
bensprenger/chess_game_001_blue_stereo,307,22029,307,22029,6,30,5,so100-blue,v2.1,1,observation.images.image,480,640,av1,yuv420p,44,59.0,67.0,80.5,128,71.76,0,0,1,Move the blue chess pieces as indicated by the highlighted squares,6,main_shoulder_pan|main_shoulder_lift|main_elbow_flex|main_wrist_flex|main_wrist_roll|main_gripper,6,22029,0,2.509,13.852,-40.08,57.3,128.076,38.886,40.43,181.67,126.235,17.825,51.15,174.46,64.87,23.442,5.89,101.34,-103.458,36.554,-243.28,-12.57,3.536,5.395,-0.19,22.87,,,,,,,,,,,,,,,,,,,,,,,,
bensprenger/left_arm_yellow_brick_in_box_v0,50,6000,50,6000,6,30,5,so100,v2.1,1,observation.images.image,480,640,av1,yuv420p,120,120.0,120.0,120.0,120,120.0,0,0,1,Grasp the yellow lego block and put it in the box.,6,main_shoulder_pan|main_shoulder_lift|main_elbow_flex|main_wrist_flex|main_wrist_roll|main_gripper,6,6000,0,7.291,16.957,-40.69,69.35,123.271,45.03,39.29,186.33,118.875,43.632,5.01,172.71,65.49,22.52,-16.61,105.03,-89.151,25.172,-187.12,-2.81,11.65,17.387,-0.1,74.32,,,,,,,,,,,,,,,,,,,,,,,,
bensprenger/left_arm_yellow_brick_in_box_with_purple_noise_v0,50,6000,50,6000,6,30,5,so100,v2.1,1,observation.images.image,480,640,av1,yuv420p,120,120.0,120.0,120.0,120,120.0,0,0,1,Grasp a yellow lego block and put it in the bin.,6,main_shoulder_pan|main_shoulder_lift|main_elbow_flex|main_wrist_flex|main_wrist_roll|main_gripper,6,6000,0,9.035,21.057,-46.85,77.34,129.888,44.916,37.71,186.33,125.403,41.315,15.56,172.71,58.775,29.217,-18.02,104.94,-85.856,28.677,-224.82,30.76,8.875,15.232,-0.2,53.61,,,,,,,,,,,,,,,,,,,,,,,,
bensprenger/right_arm_p_brick_in_box_with_y_noise_v0,47,5625,47,5625,6,30,5,so100,v2.1,1,observation.images.image,480,640,av1,yuv420p,115,120.0,120.0,120.0,120,119.68,0,0,1,Grasp the purple lego block and put it in the box.,6,main_shoulder_pan|main_shoulder_lift|main_elbow_flex|main_wrist_flex|main_wrist_roll|main_gripper,6,5625,0,-9.49,22.606,-74.36,43.24,130.78,40.584,30.85,186.33,124.132,42.68,-20.48,172.71,59.01,24.177,-18.81,105.03,-86.649,23.529,-176.75,22.94,18.253,23.231,-0.2,71.19,,,,,,,,,,,,,,,,,,,,,,,,
dragon-95/so100_sorting,61,19094,61,19094,10,50,5,so100,v2.1,1,observation.images.image,480,640,av1,yuv420p,168,246.0,299.0,362.0,592,313.02,0,0,1,Put the object in box A into box B,6,main_shoulder_pan|main_shoulder_lift|main_elbow_flex|main_wrist_flex|main_wrist_roll|main_gripper,6,19094,0,34.831,39.251,-42.01,84.38,98.863,46.023,31.82,188.96,91.078,46.533,-0.97,178.33,56.222,20.075,-31.46,93.87,-44.349,43.768,-186.94,19.16,11.707,16.496,0.1,69.82,,,,,,,,,,,,,,,,,,,,,,,,
dragon-95/so100_sorting_2,220,34076,220,34076,6,30,5,so100,v2.1,1,observation.images.image,480,640,av1,yuv420p,1,69.75,125.5,223.5,358,154.89,1,1,1,Put the object in box A into box B,6,main_shoulder_pan|main_shoulder_lift|main_elbow_flex|main_wrist_flex|main_wrist_roll|main_gripper,6,34076,0,37.607,35.829,-26.02,102.57,112.842,53.725,23.73,188.96,99.308,55.294,-5.8,178.33,56.355,19.905,-11.25,96.68,-41.412,42.401,-158.12,62.58,8.976,15.326,0.0,93.92,,,,,,,,,,,,,,,,,,,,,,,,
dragon-95/so100_sorting_3,200,19111,200,19111,6,30,5,so100,v2.1,1,observation.images.image,480,640,av1,yuv420p,44,56.0,89.0,115.25,265,95.56,0,0,1,Put the object in box A into box B,6,main_shoulder_pan|main_shoulder_lift|main_elbow_flex|main_wrist_flex|main_wrist_roll|main_gripper,6,19111,0,43.792,33.117,-10.72,113.03,104.827,43.517,27.51,189.05,89.939,44.872,-2.46,178.33,53.586,18.957,-3.34,94.39,-41.351,37.166,-157.41,57.48,8.83,14.842,0.0,77.65,,,,,,,,,,,,,,,,,,,,,,,,
frk2/so100large,50,3000,50,3000,6,30,5,so100,v2.1,1,observation.images.image,480,640,av1,yuv420p,60,60.0,60.0,60.0,60,60.0,0,0,1,Pick up roll of tape and put it in the bin,6,main_shoulder_pan|main_shoulder_lift|main_elbow_flex|main_wrist_flex|main_wrist_roll|main_gripper,6,3000,0,-0.381,27.755,-72.86,68.29,98.326,25.022,22.15,147.04,103.617,36.282,-15.73,155.48,71.616,18.083,39.73,102.92,0.446,9.029,-27.51,38.14,5.772,9.206,-0.09,42.06,,,,,,,,,,,,,,,,,,,,,,,,
frk2/so100largediffcam,50,4500,50,4500,6,30,5,so100,v2.1,1,observation.images.image,480,640,av1,yuv420p,90,90.0,90.0,90.0,90,90.0,0,0,1,Pick up roll of tape and put it in the bin,6,main_shoulder_pan|main_shoulder_lift|main_elbow_flex|main_wrist_flex|main_wrist_roll|main_gripper,6,4500,0,6.505,26.398,-61.35,74.36,109.514,42.127,15.82,193.54,109.378,45.088,-14.68,177.8,71.924,13.251,42.71,110.92,-8.92,6.116,-41.22,10.9,8.949,8.155,0.0,29.12,,,,,,,,,,,,,,,,,,,,,,,,
ganker5/so100_color_0328,50,3502,50,3502,6,30,5,so100,v2.1,1,observation.images.image,480,640,h264,yuv420p,18,55.25,64.0,85.0,118,70.04,0,0,1,Grasp a lego block and put it in the bin.,6,main_shoulder_pan|main_shoulder_lift|main_elbow_flex|main_wrist_flex|main_wrist_roll|main_gripper,6,3502,0,9.214,15.403,-27.33,59.33,96.64,48.521,24.43,194.33,86.059,43.425,10.72,178.24,76.164,19.194,22.06,100.81,-13.423,29.923,-102.39,48.16,16.862,12.505,-1.35,56.85,,,,,,,,,,,,,,,,,,,,,,,,
ganker5/so100_dataline_0328,50,5003,50,5003,6,30,5,so100,v2.1,1,observation.images.image,480,640,h264,yuv420p,52,86.75,97.0,107.0,180,100.06,0,0,1,Grasp a lego block and put it in the bin.,6,main_shoulder_pan|main_shoulder_lift|main_elbow_flex|main_wrist_flex|main_wrist_roll|main_gripper,6,5003,0,6.751,15.931,-43.33,51.59,113.067,45.877,32.34,192.3,112.317,44.845,24.26,178.15,58.39,15.5,5.71,99.76,-12.921,23.916,-95.62,37.79,9.026,11.467,-2.78,40.03,,,,,,,,,,,,,,,,,,,,,,,,
ganker5/so100_dataline_20250331,50,6111,50,6111,6,30,5,so100,v2.1,1,observation.images.image,480,640,h264,yuv420p,80,107.25,121.5,129.75,180,122.22,0,0,1,Grasp a lego block and put it in the bin.,6,main_shoulder_pan|main_shoulder_lift|main_elbow_flex|main_wrist_flex|main_wrist_roll|main_gripper,6,6111,0,9.043,12.277,-32.08,43.33,118.707,43.742,40.61,191.25,113.533,39.821,27.33,178.07,59.501,12.229,22.06,99.49,-5.888,17.29,-73.39,34.54,12.904,10.287,-1.18,42.64,,,,,,,,,,,,,,,,,,,,,,,,
ganker5/so100_push_20250328,50,3234,50,3234,6,30,5,so100,v2.1,1,observation.images.image,480,640,h264,yuv420p,21,49.25,60.0,70.0,154,64.68,0,0,1,Grasp a lego block and put it in the bin.,6,main_shoulder_pan|main_shoulder_lift|main_elbow_flex|main_wrist_flex|main_wrist_roll|main_gripper,6,3234,0,7.866,11.517,-25.66,49.75,95.443,53.242,29.79,191.07,92.091,46.546,19.07,177.8,62.13,14.621,23.2,99.93,-8.816,7.815,-27.95,21.45,1.125,2.529,-0.5,10.6,,,,,,,,,,,,,,,,,,,,,,,,
ganker5/so100_push_20250331,60,7356,60,7356,6,30,5,so100,v2.1,1,observation.images.image,480,640,h264,yuv420p,72,107.75,124.0,135.25,180,122.6,0,0,1,Grasp a lego block and put it in the bin.,6,main_shoulder_pan|main_shoulder_lift|main_elbow_flex|main_wrist_flex|main_wrist_roll|main_gripper,6,7356,0,4.744,13.341,-48.96,54.14,114.492,46.368,43.51,191.16,114.456,37.622,37.71,177.89,55.126,9.035,18.9,95.36,1.908,1.607,-6.77,8.35,-0.431,0.028,-0.5,-0.42,,,,,,,,,,,,,,,,,,,,,,,,
ganker5/so100_toy_20250402,100,10770,100,10770,6,30,5,so100,v2.1,1,observation.images.image,480,640,h264,yuv420p,66,101.75,108.0,115.0,132,107.7,0,0,1,Grasp a lego block and put it in the bin.,6,main_shoulder_pan|main_shoulder_lift|main_elbow_flex|main_wrist_flex|main_wrist_roll|main_gripper,6,10770,0,3.158,16.204,-30.15,43.86,119.828,39.774,48.96,191.25,108.645,37.5,46.93,177.19,64.488,11.147,34.45,99.49,-3.56,16.34,-102.57,26.37,13.312,17.786,-1.43,72.33,,,,,,,,,,,,,,,,,,,,,,,,
isadev/bougies3,200,12940,200,12940,6,30,5,so100,v2.1,1,observation.images.image,480,640,av1,yuv420p,1,50.0,61.0,72.0,179,64.7,2,2,1,grab the candle wick by the aluminium plate and place it in the tray.,6,main_shoulder_pan|main_shoulder_lift|main_elbow_flex|main_wrist_flex|main_wrist_roll|main_gripper,6,12940,0,4.064,13.783,-47.81,39.29,112.495,50.223,7.03,190.9,111.748,47.591,-16.79,176.66,49.111,21.712,-43.68,99.14,-12.684,30.796,-111.09,84.9,5.819,7.578,0.0,41.35,,,,,,,,,,,,,,,,,,,,,,,,
jlesein/TestBoulon7,400,21294,400,21294,6,30,5,so100,v2.1,1,observation.images.image,480,640,h264,yuv420p,1,40.75,48.5,64.0,176,53.23,3,3,1,test,6,main_shoulder_pan|main_shoulder_lift|main_elbow_flex|main_wrist_flex|main_wrist_roll|main_gripper,6,21294,0,9.892,15.933,-61.26,84.29,118.23,62.22,-8.53,193.8,98.335,60.371,-15.03,177.98,76.62,18.949,-27.16,104.94,-22.992,25.399,-131.84,78.93,6.822,9.138,-0.3,44.38,,,,,,,,,,,,,,,,,,,,,,,,
jpata/so100_pick_place_tangerine,100,4820,100,4820,6,30,5,so100,v2.1,1,observation.images.image,480,640,h264,yuv420p,35,43.0,46.5,53.0,76,48.2,0,0,1,pick and place tangerine,6,main_shoulder_pan|main_shoulder_lift|main_elbow_flex|main_wrist_flex|main_wrist_roll|main_gripper,6,4820,0,1.883,11.073,-31.03,29.79,123.166,47.205,29.44,190.99,112.234,45.882,-10.02,175.17,69.2,12.574,-0.62,103.18,-28.251,13.683,-74.27,5.19,40.258,36.629,-1.12,109.84,,,,,,,,,,,,,,,,,,,,,,,,
koenvanwijk/orange50-1,50,1606,50,1606,6,30,5,so100,v2.1,1,observation.images.image,480,640,av1,yuv420p,23,29.0,31.0,34.75,55,32.12,0,0,1,Orange in box,6,main_shoulder_pan|main_shoulder_lift|main_elbow_flex|main_wrist_flex|main_wrist_roll|main_gripper,6,1606,0,6.608,20.958,-23.73,45.97,150.317,32.552,91.14,198.19,152.905,19.338,111.45,178.68,56.964,12.059,23.47,77.17,-46.171,8.6,-76.55,-28.74,21.569,15.205,-0.68,48.16,,,,,,,,,,,,,,,,,,,,,,,,
koenvanwijk/orange50-variation-2,50,1438,50,1438,6,30,5,so100,v2.0,1,observation.images.image,480,640,av1,yuv420p,19,25.0,28.0,31.0,46,28.76,0,0,1,Orange in box,6,main_shoulder_pan|main_shoulder_lift|main_elbow_flex|main_wrist_flex|main_wrist_roll|main_gripper,6,1438,0,1.314,22.091,-35.33,50.8,142.252,30.799,87.45,198.54,145.816,20.078,104.59,178.68,61.319,11.045,32.17,95.89,-58.205,9.743,-88.51,-33.93,21.652,14.534,-0.87,50.48,,,,,,,,,,,,,,,,,,,,,,,,
lirislab/close_top_drawer_teabox,30,1113,30,1113,6,30,5,so100,v2.1,1,observation.images.image,480,640,h264,yuv420p,31,34.0,36.0,40.0,47,37.1,0,0,1,Close the top drawer of the teabox,6,main_shoulder_pan|main_shoulder_lift|main_elbow_flex|main_wrist_flex|main_wrist_roll|main_gripper,6,1113,0,-13.125,14.19,-47.99,7.56,158.422,33.945,68.64,189.67,154.284,32.439,44.47,183.25,32.993,19.433,-48.96,57.48,2.092,10.999,-15.38,48.78,0.01,0.129,0.0,3.46,,,,,,,,,,,,,,,,,,,,,,,,
lirislab/fold_bottom_right,30,2254,30,2254,6,30,5,so100,v2.1,1,observation.images.image,480,640,av1,yuv420p,56,65.25,70.0,80.75,124,75.13,0,0,1,Fold the bag from the bottom right corner,6,main_shoulder_pan|main_shoulder_lift|main_elbow_flex|main_wrist_flex|main_wrist_roll|main_gripper,6,2254,0,5.649,34.976,-94.75,93.6,127.482,46.738,30.5,193.54,118.104,46.751,4.48,187.65,68.207,17.381,8.96,102.48,-2.1,14.589,-83.14,45.62,14.768,23.597,-0.19,76.09,,,,,,,,,,,,,,,,,,,,,,,,
lirislab/guess_who_so100,96,4661,96,4661,6,30,5,so100,v2.1,1,observation.images.image,480,640,h264,yuv420p,33,44.0,47.5,53.0,69,48.55,0,0,1,,6,main_shoulder_pan|main_shoulder_lift|main_elbow_flex|main_wrist_flex|main_wrist_roll|main_gripper,6,4661,0,0.095,10.691,-28.48,36.3,136.071,44.323,48.25,187.65,116.918,23.975,29.0,169.37,41.465,29.003,-35.33,99.58,-93.701,5.2,-113.73,-59.68,0.557,0.894,-0.07,3.79,,,,,,,,,,,,,,,,,,,,,,,,
lirislab/lemon_into_bowl,40,3087,40,3087,6,30,5,so100,v2.1,1,observation.images.image,480,640,h264,yuv420p,62,70.75,76.0,80.25,101,77.17,0,0,1,Pick the yellow lemon and drop it in the red bowl,6,main_shoulder_pan|main_shoulder_lift|main_elbow_flex|main_wrist_flex|main_wrist_roll|main_gripper,6,3087,0,-4.267,18.919,-42.63,60.12,114.936,50.936,27.16,189.67,103.254,51.292,-9.76,181.05,71.048,13.258,27.77,101.16,-4.854,21.101,-101.43,54.76,15.791,22.489,0.0,66.04,,,,,,,,,,,,,,,,,,,,,,,,
lirislab/open_top_drawer_teabox,30,1931,30,1931,6,30,5,so100,v2.1,1,observation.images.image,480,640,h264,yuv420p,48,56.0,59.0,70.5,93,64.37,0,0,1,Open the top drawer of the teabox,6,main_shoulder_pan|main_shoulder_lift|main_elbow_flex|main_wrist_flex|main_wrist_roll|main_gripper,6,1931,0,-16.644,14.241,-39.2,5.62,127.045,46.343,61.08,189.58,97.632,62.958,3.87,183.25,70.113,16.501,31.99,101.07,18.766,17.987,-10.72,51.24,7.211,13.184,0.0,52.48,,,,,,,,,,,,,,,,,,,,,,,,
lirislab/push_cup_target,30,1718,30,1718,6,30,5,so100,v2.1,1,observation.images.image,480,640,h264,yuv420p,48,51.0,54.0,63.5,86,57.27,0,0,1,Push the red cup to the pink target,6,main_shoulder_pan|main_shoulder_lift|main_elbow_flex|main_wrist_flex|main_wrist_roll|main_gripper,6,1718,0,-3.175,20.861,-70.4,73.3,136.272,43.591,43.77,189.67,131.158,42.355,20.48,183.25,55.862,15.021,14.41,99.49,-1.79,11.939,-53.88,35.16,0.002,0.013,0.0,0.09,,,,,,,,,,,,,,,,,,,,,,,,
lirislab/put_banana_bowl,30,1955,30,1955,6,30,5,so100,v2.1,1,observation.images.image,480,640,h264,yuv420p,54,60.25,64.5,69.5,83,65.17,0,0,1,Put the banana into the red bowl,6,main_shoulder_pan|main_shoulder_lift|main_elbow_flex|main_wrist_flex|main_wrist_roll|main_gripper,6,1955,0,-12.929,25.632,-72.42,65.92,121.697,45.678,35.33,189.58,117.029,44.305,20.83,183.34,51.287,24.306,-35.07,101.07,-8.801,22.86,-91.32,49.48,11.937,17.495,-0.09,59.03,,,,,,,,,,,,,,,,,,,,,,,,
lirislab/put_caps_into_teabox,30,2165,30,2165,6,30,5,so100,v2.1,1,observation.images.image,480,640,h264,yuv420p,57,61.25,66.5,71.75,134,72.17,0,0,1,Pick the coffee caps and put it into the top drawer of the teabox,6,main_shoulder_pan|main_shoulder_lift|main_elbow_flex|main_wrist_flex|main_wrist_roll|main_gripper,6,2165,0,3.173,20.74,-39.64,84.64,125.806,46.365,31.29,189.58,112.493,50.964,5.54,183.25,66.824,16.557,27.6,101.16,-8.881,14.527,-79.1,18.9,11.353,16.532,0.0,56.31,,,,,,,,,,,,,,,,,,,,,,,,
lirislab/put_coffee_cap_teabox,40,2979,40,2979,6,30,5,so100,v2.1,1,observation.images.image,480,640,av1,yuv420p,55,67.5,74.0,81.0,98,74.47,0,0,1,Put the coffee cap into the top drawer of the teabox,6,main_shoulder_pan|main_shoulder_lift|main_elbow_flex|main_wrist_flex|main_wrist_roll|main_gripper,6,2979,0,2.195,22.694,-41.4,53.96,124.404,46.166,39.2,193.45,107.353,49.703,19.51,187.65,72.425,13.909,38.94,102.3,-10.568,15.073,-61.52,20.13,13.472,20.081,0.0,60.8,,,,,,,,,,,,,,,,,,,,,,,,
lirislab/red_cube_into_blue_cube,45,2747,45,2747,6,30,5,so100,v2.1,1,observation.images.image,480,640,av1,yuv420p,1,55.0,62.0,67.0,91,61.04,1,1,1,Puttingg red block on blue one,6,main_shoulder_pan|main_shoulder_lift|main_elbow_flex|main_wrist_flex|main_wrist_roll|main_gripper,6,2747,0,1.608,16.618,-33.05,31.64,126.521,41.058,53.09,189.49,121.339,36.404,39.29,178.42,60.283,18.575,17.49,99.49,-1.487,15.885,-61.17,32.52,15.663,15.084,-0.09,54.84,,,,,,,,,,,,,,,,,,,,,,,,
lirislab/red_cube_into_green_lego_block,30,2303,30,2303,6,30,5,so100,v2.1,1,observation.images.image,480,640,av1,yuv420p,36,70.5,75.5,85.75,118,76.77,0,0,1,First serious test,6,main_shoulder_pan|main_shoulder_lift|main_elbow_flex|main_wrist_flex|main_wrist_roll|main_gripper,6,2303,0,1.63,21.125,-43.33,56.25,117.81,40.801,31.03,189.49,113.748,36.834,8.53,178.42,64.441,12.027,14.68,99.49,2.051,15.88,-67.94,50.54,17.215,18.001,-0.09,95.21,,,,,,,,,,,,,,,,,,,,,,,,
lirislab/so100_demo,30,3362,30,3362,6,30,5,so100,v2.1,1,observation.images.image,480,640,h264,yuv420p,1,98.5,115.0,131.75,171,112.07,2,2,1,Put the banana into the red bowl'.,6,main_shoulder_pan|main_shoulder_lift|main_elbow_flex|main_wrist_flex|main_wrist_roll|main_gripper,6,3362,0,0.922,15.824,-45.53,52.21,124.84,49.385,29.44,190.55,106.997,50.134,6.15,178.95,62.105,19.466,-45.79,105.12,-16.934,23.72,-124.72,41.84,8.305,13.176,-0.75,61.64,,,,,,,,,,,,,,,,,,,,,,,,
lirislab/sweep_tissue_cube,30,3225,30,3225,6,30,5,so100,v2.1,1,observation.images.image,480,640,h264,yuv420p,60,89.25,99.0,121.75,179,107.5,0,0,1,Sweep the red cubes to the right with the tissue bag,6,main_shoulder_pan|main_shoulder_lift|main_elbow_flex|main_wrist_flex|main_wrist_roll|main_gripper,6,3225,0,1.745,24.149,-57.92,85.08,99.493,44.624,27.95,189.58,107.63,38.163,17.75,183.25,53.515,13.378,-9.23,101.07,-5.583,20.988,-127.0,41.13,0.001,0.086,-0.09,3.37,,,,,,,,,,,,,,,,,,,,,,,,
lirislab/unfold_bottom_right,30,1888,30,1888,6,30,5,so100,v2.1,1,observation.images.image,480,640,h264,yuv420p,53,57.25,61.0,65.0,85,62.93,0,0,1,Unfold the bag from bottom right corner,6,main_shoulder_pan|main_shoulder_lift|main_elbow_flex|main_wrist_flex|main_wrist_roll|main_gripper,6,1888,0,6.961,29.49,-71.46,77.17,137.037,37.498,44.56,189.58,133.659,36.043,21.36,183.25,50.721,19.107,-30.23,101.25,-11.957,20.27,-76.64,29.0,11.691,17.951,-0.19,58.93,,,,,,,,,,,,,,,,,,,,,,,,
liuhuanjim013/so100_th,74,7477,74,7477,6,30,5,so100,v2.1,1,observation.images.image,480,640,av1,yuv420p,1,81.0,92.0,109.75,178,101.04,1,1,1,Grasp a lego figure and put it in the box.,6,main_shoulder_pan|main_shoulder_lift|main_elbow_flex|main_wrist_flex|main_wrist_roll|main_gripper,6,7477,0,-9.98,33.197,-84.46,82.44,122.179,61.982,-5.98,195.47,108.973,60.157,-14.15,180.0,77.052,18.777,-102.66,105.29,45.304,43.368,-23.12,189.58,11.249,11.596,-0.52,37.17,,,,,,,,,,,,,,,,,,,,,,,,
mikechambers/block_cup_14,50,4500,50,4500,6,30,5,so100,v2.1,1,observation.images.image,720,1280,av1,yuv420p,90,90.0,90.0,90.0,90,90.0,0,0,1,Grasp a block and put it in a cup.,6,main_shoulder_pan|main_shoulder_lift|main_elbow_flex|main_wrist_flex|main_wrist_roll|main_gripper,6,4500,0,-1.411,13.569,-41.4,38.85,150.131,49.445,27.16,192.39,166.903,23.988,69.87,183.87,18.419,55.632,-81.91,72.6,38.599,45.174,-24.35,117.25,1.746,9.608,-3.76,42.34,,,,,,,,,,,,,,,,,,,,,,,,
nbaron99/so100_pick_and_place4,100,5973,100,5973,6,30,5,so100,v2.1,1,observation.images.image,480,640,av1,yuv420p,59,59.0,60.0,60.0,60,59.73,0,0,1,pick,6,main_shoulder_pan|main_shoulder_lift|main_elbow_flex|main_wrist_flex|main_wrist_roll|main_gripper,6,5973,0,0.795,15.944,-84.64,51.15,139.334,49.675,22.85,189.4,137.725,36.309,4.57,177.8,63.93,9.622,20.04,100.46,-9.437,15.754,-85.25,67.59,6.705,11.77,-0.09,51.22,,,,,,,,,,,,,,,,,,,,,,,,
pandaRQ/pick_med_1,100,8946,100,8946,6,30,5,so100,v2.1,1,observation.images.image,480,640,av1,yuv420p,66,81.75,90.0,95.25,122,89.46,0,0,1,pickMED,6,main_shoulder_pan|main_shoulder_lift|main_elbow_flex|main_wrist_flex|main_wrist_roll|main_gripper,6,8946,0,-3.232,22.322,-52.65,84.46,121.319,51.69,26.28,210.67,109.157,47.678,-9.49,181.14,62.281,13.745,-1.05,108.98,-1.707,8.184,-51.42,40.52,7.524,10.45,0.0,48.24,,,,,,,,,,,,,,,,,,,,,,,,
paszea/so100_lego,50,7573,50,7573,6,30,5,so100,v2.1,1,observation.images.image,480,640,h264,yuv420p,126,141.0,151.0,158.0,198,151.46,0,0,1,Grasp a lego and put it in the basket.,6,main_shoulder_pan|main_shoulder_lift|main_elbow_flex|main_wrist_flex|main_wrist_roll|main_gripper,6,7573,0,-6.827,28.584,-74.27,52.29,127.934,56.247,25.05,192.83,136.991,40.778,37.62,177.8,19.263,54.386,-104.15,101.34,-42.458,42.672,-115.4,9.4,27.733,36.984,-0.33,119.41,,,,,,,,,,,,,,,,,,,,,,,,
paszea/so100_lego_2cam,40,17640,40,17640,6,30,5,so100,v2.1,1,observation.images.image,480,640,h264,yuv420p,287,412.5,436.5,474.75,540,441.0,0,0,1,Grap lego blocks and put them in the plate.,6,main_shoulder_pan|main_shoulder_lift|main_elbow_flex|main_wrist_flex|main_wrist_roll|main_gripper,6,17640,0,-14.184,27.525,-90.09,33.57,78.297,36.723,-9.4,149.68,74.456,28.796,-0.09,147.66,41.016,13.815,13.1,82.79,-86.068,13.56,-126.12,-11.51,16.251,12.995,-1.04,46.75,,,,,,,,,,,,,,,,,,,,,,,,
paszea/so100_whale_2,50,5650,50,5650,6,30,5,so100,v2.1,1,observation.images.image,480,640,h264,yuv420p,86,103.25,111.0,124.25,146,113.0,0,0,1,Grasp a whale and put it in the plate.,6,main_shoulder_pan|main_shoulder_lift|main_elbow_flex|main_wrist_flex|main_wrist_roll|main_gripper,6,5650,0,-7.756,26.7,-77.17,38.58,134.951,47.893,45.79,189.58,127.253,41.841,42.89,177.63,57.956,12.665,3.6,91.67,-3.372,7.009,-31.46,19.69,27.042,27.185,-0.22,103.29,,,,,,,,,,,,,,,,,,,,,,,,
paszea/so100_whale_3,35,4038,35,4038,6,30,5,so100,v2.1,1,observation.images.image,480,640,h264,yuv420p,97,108.0,113.0,119.5,177,115.37,0,0,1,Grasp a whale and put it in the plate.,6,main_shoulder_pan|main_shoulder_lift|main_elbow_flex|main_wrist_flex|main_wrist_roll|main_gripper,6,4038,0,-6.75,20.924,-68.03,20.92,122.233,56.178,26.89,189.49,112.256,51.598,16.88,177.45,61.185,12.727,8.61,92.02,2.116,9.288,-14.94,27.25,14.92,21.071,-0.11,97.48,,,,,,,,,,,,,,,,,,,,,,,,
paszea/so100_whale_4,60,6916,60,6916,6,30,5,so100,v2.1,1,observation.images.image,480,640,h264,yuv420p,99,108.5,115.0,120.0,153,115.27,0,0,1,Grasp a whale and put it in the plate.,6,main_shoulder_pan|main_shoulder_lift|main_elbow_flex|main_wrist_flex|main_wrist_roll|main_gripper,6,6916,0,-14.831,30.344,-83.41,27.33,124.678,52.007,29.71,189.49,110.794,48.751,10.63,177.71,63.966,13.084,6.15,100.63,-36.05,38.553,-119.18,16.44,20.292,22.312,-0.11,89.69,,,,,,,,,,,,,,,,,,,,,,,,
pierfabre/chicken,65,7018,65,7018,6,30,5,so100,v2.1,1,observation.images.image,480,640,av1,yuv420p,107,108.0,108.0,108.0,108,107.97,0,0,1,Pick the chicken and place it to the right.,6,main_shoulder_pan|main_shoulder_lift|main_elbow_flex|main_wrist_flex|main_wrist_roll|main_gripper,6,7018,0,-8.74,71.546,-122.61,116.37,146.638,30.677,78.57,193.01,103.67,21.609,35.33,158.82,104.518,16.14,57.83,121.99,19.742,57.328,-130.08,243.81,21.994,17.699,-4.01,92.95,,,,,,,,,,,,,,,,,,,,,,,,
pierfabre/cow2,40,4320,40,4320,6,30,5,so100,v2.1,1,observation.images.image,480,640,av1,yuv420p,108,108.0,108.0,108.0,108,108.0,0,0,1,Pick the cow and place it to the right.,6,main_shoulder_pan|main_shoulder_lift|main_elbow_flex|main_wrist_flex|main_wrist_roll|main_gripper,6,4320,0,0.591,36.6,-66.8,66.18,119.551,68.304,22.06,191.51,49.852,44.611,-14.5,110.57,100.821,15.398,33.31,121.64,14.716,21.572,-55.72,68.64,25.894,17.604,-4.79,74.17,,,,,,,,,,,,,,,,,,,,,,,,
pierfabre/horse,42,4535,42,4535,6,30,5,so100,v2.1,1,observation.images.image,480,640,av1,yuv420p,107,108.0,108.0,108.0,108,107.98,0,0,1,Pick the horse and place it to the right.,6,main_shoulder_pan|main_shoulder_lift|main_elbow_flex|main_wrist_flex|main_wrist_roll|main_gripper,6,4535,0,1.207,24.298,-42.71,49.75,138.25,49.761,41.75,191.69,81.412,17.302,5.19,132.54,99.701,19.096,31.64,121.55,6.242,37.753,-128.32,129.55,27.667,17.456,-4.89,79.26,,,,,,,,,,,,,,,,,,,,,,,,
pierfabre/pig2,50,5380,50,5380,6,30,5,so100,v2.1,1,observation.images.image,480,640,av1,yuv420p,107,107.0,108.0,108.0,108,107.6,0,0,1,Pick the pig and place it to the right.,6,main_shoulder_pan|main_shoulder_lift|main_elbow_flex|main_wrist_flex|main_wrist_roll|main_gripper,6,5380,0,2.123,48.361,-81.12,83.5,125.297,59.233,17.93,191.87,67.742,30.142,-13.89,150.21,101.55,19.116,29.88,121.29,6.663,16.957,-54.67,45.97,22.671,16.372,-3.91,85.42,,,,,,,,,,,,,,,,,,,,,,,,
pierfabre/pig3,50,5399,50,5399,6,30,5,so100,v2.1,1,observation.images.image,480,640,av1,yuv420p,107,108.0,108.0,108.0,108,107.98,0,0,1,Pick the pig and place it to the right.,6,main_shoulder_pan|main_shoulder_lift|main_elbow_flex|main_wrist_flex|main_wrist_roll|main_gripper,6,5399,0,-2.723,42.192,-115.84,95.45,128.945,51.149,21.8,191.43,79.396,27.35,-14.68,177.1,94.727,23.397,13.1,120.67,8.573,28.34,-83.58,133.24,21.007,16.296,-4.11,79.65,,,,,,,,,,,,,,,,,,,,,,,,
pierfabre/rabbit,31,3337,31,3337,6,30,5,so100,v2.1,1,observation.images.image,480,640,av1,yuv420p,107,107.0,108.0,108.0,108,107.65,0,0,2,Pick the rabbit and place it to the right.,6,main_shoulder_pan|main_shoulder_lift|main_elbow_flex|main_wrist_flex|main_wrist_roll|main_gripper,6,3337,0,-7.611,67.78,-107.05,113.03,121.814,53.146,40.25,191.87,72.049,18.853,10.63,126.83,100.416,18.541,39.55,121.73,11.703,47.0,-124.01,157.15,25.047,17.684,-3.03,77.79,,,,,,,,,,,,,,,,,,,,,,,,
pierfabre/sheep,60,6479,60,6479,6,30,5,so100,v2.1,1,observation.images.image,480,640,av1,yuv420p,107,108.0,108.0,108.0,108,107.98,0,0,1,Pick the sheep and place it to the right.,6,main_shoulder_pan|main_shoulder_lift|main_elbow_flex|main_wrist_flex|main_wrist_roll|main_gripper,6,6479,0,1.11,35.949,-67.85,73.21,150.641,36.002,83.5,191.69,99.75,16.518,37.09,140.36,99.465,18.24,47.64,122.26,-0.299,56.492,-181.05,148.18,24.174,15.851,-4.89,68.88,,,,,,,,,,,,,,,,,,,,,,,,
pietroom/actualeasytask,60,3600,60,3600,6,30,5,so100,v2.1,1,observation.images.image,480,640,av1,yuv420p,60,60.0,60.0,60.0,60,60.0,0,0,1,easy transfer,6,main_shoulder_pan|main_shoulder_lift|main_elbow_flex|main_wrist_flex|main_wrist_roll|main_gripper,6,3600,0,-7.558,17.638,-66.27,32.17,128.172,35.899,47.64,190.9,118.165,38.033,7.47,181.76,48.969,17.287,-26.19,99.49,-1.303,41.87,-111.88,117.25,2.774,14.204,-5.07,51.69,,,,,,,,,,,,,,,,,,,,,,,,
pietroom/holdthis,90,8100,90,8100,6,30,5,so100,v2.1,1,observation.images.image,480,640,av1,yuv420p,90,90.0,90.0,90.0,90,90.0,0,0,1,Hold this,6,main_shoulder_pan|main_shoulder_lift|main_elbow_flex|main_wrist_flex|main_wrist_roll|main_gripper,6,8100,0,-65.937,22.788,-100.63,22.24,110.336,41.186,13.1,194.24,96.349,57.229,-11.25,181.76,16.927,31.508,-68.55,99.67,85.981,51.072,-63.28,153.72,7.325,18.546,-4.97,55.77,,,,,,,,,,,,,,,,,,,,,,,,
pranavsaroha/so100_carrot_2,63,5069,63,5069,6,30,5,so100,v2.1,1,observation.images.image,480,640,av1,yuv420p,67,76.0,80.0,83.5,109,80.46,0,0,1,pick a carrot and put it in the bin,6,main_shoulder_pan|main_shoulder_lift|main_elbow_flex|main_wrist_flex|main_wrist_roll|main_gripper,6,5069,0,-8.728,13.279,-43.68,14.15,122.883,63.738,20.92,202.76,81.756,74.197,-262.88,190.46,85.852,15.36,40.78,104.41,-5.836,9.748,-38.41,13.45,10.522,20.416,-0.8,85.55,,,,,,,,,,,,,,,,,,,,,,,,
pranavsaroha/so100_carrot_5,61,4863,61,4863,6,30,5,so100,v2.1,1,observation.images.image,720,1280,av1,yuv420p,13,76.0,79.0,84.0,107,79.72,1,1,1,pick a carrot and put it in the bin,6,main_shoulder_pan|main_shoulder_lift|main_elbow_flex|main_wrist_flex|main_wrist_roll|main_gripper,6,4863,0,-9.17,10.957,-40.08,9.93,136.381,44.683,31.46,190.72,92.656,66.902,-256.55,182.29,81.557,15.743,41.66,106.44,4.867,13.8,-48.69,47.81,10.173,19.129,-0.25,74.47,,,,,,,,,,,,,,,,,,,,,,,,
pranavsaroha/so100_legos4,58,17844,58,17844,6,30,5,so100,v2.1,1,observation.images.image,1080,1920,av1,yuv420p,8,329.0,329.0,329.0,329,307.66,1,1,1,legos4,6,main_shoulder_pan|main_shoulder_lift|main_elbow_flex|main_wrist_flex|main_wrist_roll|main_gripper,6,17844,0,-2.491,13.067,-51.42,26.54,149.399,46.046,16.61,188.53,127.873,57.192,-264.38,174.73,74.219,15.361,25.22,109.69,-4.408,39.559,-173.85,133.86,6.67,14.092,-0.4,89.1,,,,,,,,,,,,,,,,,,,,,,,,
pranavsaroha/so100_onelego2,30,2027,30,2027,6,30,5,so100,v2.1,1,observation.images.image,1080,1920,av1,yuv420p,53,63.25,67.0,72.75,85,67.57,0,0,1,onelego2,6,main_shoulder_pan|main_shoulder_lift|main_elbow_flex|main_wrist_flex|main_wrist_roll|main_gripper,6,2027,0,1.185,7.448,-23.2,22.06,149.029,40.688,43.77,188.53,120.615,54.216,-254.44,174.73,74.053,16.905,37.88,109.69,-3.372,9.193,-31.82,25.31,6.195,12.459,-0.2,46.38,,,,,,,,,,,,,,,,,,,,,,,,
pranavsaroha/so100_onelego3,40,3281,40,3281,6,30,5,so100,v2.1,1,observation.images.image,1080,1920,av1,yuv420p,68,77.5,83.0,86.25,99,82.03,0,0,1,Pick up the green lego and drop it in the green bin,6,main_shoulder_pan|main_shoulder_lift|main_elbow_flex|main_wrist_flex|main_wrist_roll|main_gripper,6,3281,0,-1.627,11.708,-38.14,14.15,130.828,47.186,48.43,188.53,95.227,62.421,-269.3,174.73,84.57,20.663,44.91,109.69,1.394,13.932,-21.18,44.65,15.181,25.72,-0.4,86.11,,,,,,,,,,,,,,,,,,,,,,,,
roboticshack/left-arm-grasp-lego-brick,99,11880,99,11880,6,30,5,so100,v2.1,1,observation.images.image,480,640,av1,yuv420p,120,120.0,120.0,120.0,120,120.0,0,0,1,Grasp the lego brick and put it in the box.,6,main_shoulder_pan|main_shoulder_lift|main_elbow_flex|main_wrist_flex|main_wrist_roll|main_gripper,6,11880,0,17.035,14.071,-13.36,72.16,127.321,45.844,22.5,186.42,123.07,41.362,0.62,172.62,66.995,23.755,-14.5,105.47,-101.537,27.078,-197.23,22.68,13.198,19.427,-0.29,75.88,,,,,,,,,,,,,,,,,,,,,,,,
roboticshack/team-7-left-arm-grasp-motor,99,11880,99,11880,6,30,5,so100,v2.1,1,observation.images.image,480,640,av1,yuv420p,120,120.0,120.0,120.0,120,120.0,0,0,1,Grasp the black motor and put it in the box.,6,main_shoulder_pan|main_shoulder_lift|main_elbow_flex|main_wrist_flex|main_wrist_roll|main_gripper,6,11880,0,6.128,13.933,-36.21,46.05,122.902,48.415,13.89,186.42,115.29,44.503,-5.19,172.62,66.654,27.257,-31.73,105.56,-86.714,23.037,-162.42,28.3,14.72,21.022,-0.1,72.36,,,,,,,,,,,,,,,,,,,,,,,,
roboticshack/team-7-right-arm-grasp-tape,100,12000,100,12000,6,30,5,so100,v2.1,1,observation.images.image,480,640,av1,yuv420p,120,120.0,120.0,120.0,120,120.0,0,0,1,Grasp the tape and put it in the box.,6,main_shoulder_pan|main_shoulder_lift|main_elbow_flex|main_wrist_flex|main_wrist_roll|main_gripper,6,12000,0,-11.798,12.985,-55.2,25.22,132.437,46.264,22.24,186.42,122.27,45.003,3.43,172.71,70.079,19.407,-0.7,105.82,-82.79,12.112,-128.58,-40.34,12.664,18.546,-0.2,64.75,,,,,,,,,,,,,,,,,,,,,,,,
roboticshack/team13-three-balls-stacking,101,9769,101,9769,6,30,5,so100,v2.1,1,observation.images.image,480,640,h264,yuv420p,74,89.0,97.0,104.0,126,96.72,0,0,1,Stack the balls on top of each other.,6,main_shoulder_pan|main_shoulder_lift|main_elbow_flex|main_wrist_flex|main_wrist_roll|main_gripper,6,9769,0,-0.139,16.744,-43.07,37.09,116.03,33.872,60.91,195.29,104.289,30.941,41.92,178.51,66.54,16.773,21.62,106.96,-79.293,9.981,-119.53,-47.02,20.745,24.758,-0.19,85.09,,,,,,,,,,,,,,,,,,,,,,,,
roboticshack/team13-two-balls-stacking,51,2716,51,2716,6,30,5,so100,v2.1,1,observation.images.image,480,640,h264,yuv420p,42,49.0,52.0,56.5,71,53.25,0,0,1,Stack the balls on top of each other.,6,main_shoulder_pan|main_shoulder_lift|main_elbow_flex|main_wrist_flex|main_wrist_roll|main_gripper,6,2716,0,-11.746,15.146,-38.06,8.26,128.289,37.924,75.59,195.29,120.852,27.054,82.88,172.88,64.984,10.448,39.2,88.07,-80.18,7.049,-95.45,-60.73,16.242,21.558,-0.19,85.77,,,,,,,,,,,,,,,,,,,,,,,,
roboticshack/team16-can-stacking,40,4800,40,4800,6,30,5,so100,v2.1,1,observation.images.image,480,640,av1,yuv420p,120,120.0,120.0,120.0,120,120.0,0,0,1,Build a tower.,6,main_shoulder_pan|main_shoulder_lift|main_elbow_flex|main_wrist_flex|main_wrist_roll|main_gripper,6,4800,0,1.249,16.629,-29.27,47.64,153.755,43.131,30.32,193.45,136.473,47.548,9.05,176.57,68.906,32.672,-27.16,113.47,-82.224,9.157,-104.5,-38.85,11.056,13.971,-0.09,58.71,,,,,,,,,,,,,,,,,,,,,,,,
roboticshack/team16-water-pouring,50,5993,50,5993,6,30,5,so100,v2.1,1,observation.images.image,480,640,av1,yuv420p,115,120.0,120.0,120.0,120,119.86,0,0,1,Pouring water from cup to cup,6,main_shoulder_pan|main_shoulder_lift|main_elbow_flex|main_wrist_flex|main_wrist_roll|main_gripper,6,5993,0,-7.056,19.553,-52.47,42.8,127.361,42.307,11.34,193.62,119.984,44.508,-17.93,176.57,10.354,36.065,-75.32,113.55,-42.433,42.241,-165.32,89.12,17.159,16.661,-0.09,76.32,,,,,,,,,,,,,,,,,,,,,,,,
roboticshack/team9-pick_chicken_place_plate,69,3960,69,3960,6,30,5,so100,v2.1,1,observation.images.image,480,640,h264,yuv420p,45,53.0,56.0,60.0,93,57.39,0,0,1,Pick up the chicke and place on orange plate,6,main_shoulder_pan|main_shoulder_lift|main_elbow_flex|main_wrist_flex|main_wrist_roll|main_gripper,6,3960,0,-0.343,15.41,-43.07,42.63,128.893,50.106,40.87,192.04,123.926,45.942,34.37,182.9,62.529,20.561,-15.73,102.13,-20.132,57.801,-162.6,108.37,14.126,17.32,-0.43,66.96,,,,,,,,,,,,,,,,,,,,,,,,
roboticshack/team9-pick_cube_place_static_plate,40,2205,40,2205,6,30,5,so100,v2.1,1,observation.images.image,480,640,h264,yuv420p,38,48.75,54.0,62.0,88,55.12,0,0,1,Pick up the green cube and place on orange plate,6,main_shoulder_pan|main_shoulder_lift|main_elbow_flex|main_wrist_flex|main_wrist_roll|main_gripper,6,2205,0,5.79,14.902,-39.29,50.71,122.979,52.546,32.7,193.1,113.708,52.218,25.84,182.2,70.233,18.848,-13.97,103.54,-19.501,43.168,-127.88,66.71,15.857,17.331,-0.26,59.22,,,,,,,,,,,,,,,,,,,,,,,,
samanthalhy/so100_herding_1,50,31772,50,31772,6,30,5,so100,v2.1,1,observation.images.image,480,640,h264,yuv420p,481,539.75,577.0,679.25,1072,635.44,0,0,1,Grasp a green tool and herd all the particles to the grey bin.,6,main_shoulder_pan|main_shoulder_lift|main_elbow_flex|main_wrist_flex|main_wrist_roll|main_gripper,6,31772,0,3.048,13.451,-25.22,32.87,82.791,13.427,50.54,189.23,92.68,16.074,46.41,177.45,76.981,6.806,54.49,98.96,-87.665,45.627,-188.7,10.63,0.438,2.885,-0.67,25.03,,,,,,,,,,,,,,,,,,,,,,,,
samsam0510/cube_reorientation_2,182,23188,182,23188,6,30,5,so100,v2.1,1,observation.images.image,480,640,h264,yuv420p,55,105.0,125.0,150.0,236,127.41,0,0,1,Reorient the cube.,6,main_shoulder_pan|main_shoulder_lift|main_elbow_flex|main_wrist_flex|main_wrist_roll|main_gripper,6,23188,0,-2.82,10.945,-49.92,51.24,77.758,46.211,1.67,191.16,74.042,48.245,-13.97,178.77,61.687,21.28,-15.21,103.8,-8.788,16.133,-87.63,37.18,2.608,7.495,-0.24,25.45,,,,,,,,,,,,,,,,,,,,,,,,
samsam0510/cube_reorientation_4,100,11398,100,11398,6,30,5,so100,v2.1,1,observation.images.image,480,640,h264,yuv420p,52,89.75,110.5,131.5,180,113.98,0,0,1,Reorient the cube.,6,main_shoulder_pan|main_shoulder_lift|main_elbow_flex|main_wrist_flex|main_wrist_roll|main_gripper,6,11398,0,-4.407,18.726,-59.41,50.19,101.236,35.916,33.4,190.63,122.029,28.175,30.32,174.55,49.883,10.786,16.0,81.83,-3.287,13.295,-47.2,33.84,-0.103,0.127,-0.16,4.55,,,,,,,,,,,,,,,,,,,,,,,,
samsam0510/glove_reorientation_1,100,6227,100,6227,6,30,5,so100,v2.1,1,observation.images.image,480,640,h264,yuv420p,29,49.0,58.0,72.5,108,62.27,0,0,1,Reorient the glove.,6,main_shoulder_pan|main_shoulder_lift|main_elbow_flex|main_wrist_flex|main_wrist_roll|main_gripper,6,6227,0,-4.194,9.632,-42.89,35.77,128.967,37.845,62.14,190.63,133.659,26.878,69.08,178.68,50.263,12.813,-2.29,84.9,1.278,21.31,-70.66,74.18,3.893,6.673,-0.24,27.89,,,,,,,,,,,,,,,,,,,,,,,,
samsam0510/tooth_extraction_3,100,6619,100,6619,6,30,5,so100,v2.1,1,observation.images.image,480,640,h264,yuv420p,36,58.0,64.5,73.25,94,66.19,0,0,1,Extract the tooth.,6,main_shoulder_pan|main_shoulder_lift|main_elbow_flex|main_wrist_flex|main_wrist_roll|main_gripper,6,6619,0,-0.468,11.244,-16.35,25.4,114.969,40.311,32.43,191.16,111.191,33.402,-1.32,176.75,68.74,8.741,32.52,103.71,-4.742,7.115,-31.38,21.62,3.549,5.039,-0.16,16.59,,,,,,,,,,,,,,,,,,,,,,,,
samsam0510/tooth_extraction_4,200,15285,200,15285,6,30,5,so100,v2.1,1,observation.images.image,480,640,h264,yuv420p,35,56.5,72.0,91.0,152,76.42,0,0,1,Extract the molar,6,main_shoulder_pan|main_shoulder_lift|main_elbow_flex|main_wrist_flex|main_wrist_roll|main_gripper,6,15285,0,1.311,11.944,-41.66,44.38,98.271,46.878,10.9,191.16,87.839,49.715,-13.97,178.51,77.537,15.007,17.14,103.8,-0.451,23.042,-88.42,74.0,5.03,6.761,-0.16,37.15,,,,,,,,,,,,,,,,,,,,,,,,
shreyasgite/so100_base_env,252,19901,252,19901,6,30,5,so100,v2.0,1,observation.images.image,480,640,av1,yuv420p,16,74.0,79.0,84.0,90,78.97,0,0,1,Grasp a lego block and put it in the bin.,6,main_shoulder_pan|main_shoulder_lift|main_elbow_flex|main_wrist_flex|main_wrist_roll|main_gripper,6,19901,0,-0.314,30.411,-73.56,86.04,128.276,44.315,37.18,194.5,122.476,42.018,18.11,179.74,64.218,15.076,24.61,102.48,-5.567,16.048,-61.0,39.9,5.967,11.26,0.0,52.01,,,,,,,,,,,,,,,,,,,,,,,,
shreyasgite/so100_legocube_50,50,4171,50,4171,6,30,5,so100,v2.1,1,observation.images.image,480,640,av1,yuv420p,68,78.25,84.0,90.0,90,83.42,0,0,1,Grasp a lego block and put it in the bin.,6,main_shoulder_pan|main_shoulder_lift|main_elbow_flex|main_wrist_flex|main_wrist_roll|main_gripper,6,4171,0,-12.273,33.137,-74.53,67.94,131.771,40.959,50.01,189.76,127.312,34.525,48.96,179.47,68.512,13.501,31.03,101.25,-8.768,14.964,-76.03,26.89,7.072,13.086,0.0,50.52,,,,,,,,,,,,,,,,,,,,,,,,
sihyun77/mond_1,30,3495,30,3495,6,30,5,so100,v2.1,1,observation.images.image,480,640,av1,yuv420p,115,116.0,117.0,117.0,117,116.5,0,0,1,Grasp a lego block and put it in the bin.,6,main_shoulder_pan|main_shoulder_lift|main_elbow_flex|main_wrist_flex|main_wrist_roll|main_gripper,6,3495,0,-1.262,14.977,-50.36,29.18,41.113,61.692,-11.34,176.92,29.043,41.427,0.79,158.82,36.842,63.675,-112.68,103.45,-1.447,10.406,-47.11,23.47,8.041,14.518,-0.18,85.3,,,,,,,,,,,,,,,,,,,,,,,,
sihyun77/sihyun_3_17_2,30,5043,30,5043,6,30,5,so100,v2.1,1,observation.images.image,480,640,av1,yuv420p,80,172.25,174.0,175.0,175,168.1,0,0,1,Grasp a lego block and put it in the bin.,6,main_shoulder_pan|main_shoulder_lift|main_elbow_flex|main_wrist_flex|main_wrist_roll|main_gripper,6,5043,0,1.466,26.637,-51.94,40.25,78.799,46.748,-10.63,148.54,65.097,41.474,1.41,147.39,32.081,54.101,-66.36,103.45,-96.947,13.673,-143.44,-61.79,6.062,6.884,-0.48,37.45,,,,,,,,,,,,,,,,,,,,,,,,
sihyun77/sihyun_3_17_5,30,6702,30,6702,6,30,5,so100,v2.1,1,observation.images.image,480,640,av1,yuv420p,1,232.25,233.0,234.0,234,223.4,1,1,1,Grasp a lego block and put it in the bin.,6,main_shoulder_pan|main_shoulder_lift|main_elbow_flex|main_wrist_flex|main_wrist_roll|main_gripper,6,6702,0,3.972,22.513,-49.92,37.09,71.728,55.748,-14.24,144.84,48.018,41.871,-1.85,143.44,25.694,64.6,-90.18,110.3,-85.761,11.326,-119.71,-44.65,10.833,15.764,-3.64,50.19,,,,,,,,,,,,,,,,,,,,,,,,
sihyun77/sihyun_main_2,50,5819,50,5819,6,30,5,so100,v2.1,1,observation.images.image,480,640,av1,yuv420p,106,117.0,117.0,117.0,117,116.38,0,0,1,Grasp a lego block and put it in the bin.,6,main_shoulder_pan|main_shoulder_lift|main_elbow_flex|main_wrist_flex|main_wrist_roll|main_gripper,6,5819,0,9.345,29.992,-36.56,100.9,49.417,60.89,-15.82,181.49,24.537,34.226,0.79,166.99,10.825,60.945,-99.76,77.96,-1.037,4.522,-18.9,18.02,7.023,10.161,-0.18,38.08,,,,,,,,,,,,,,,,,,,,,,,,
sihyun77/sihyun_main_3,30,3506,30,3506,6,30,5,so100,v2.1,1,observation.images.image,480,640,av1,yuv420p,115,117.0,117.0,117.0,117,116.87,0,0,1,Grasp a lego block and put it in the bin.,6,main_shoulder_pan|main_shoulder_lift|main_elbow_flex|main_wrist_flex|main_wrist_roll|main_gripper,6,3506,0,-1.761,19.646,-48.52,50.54,39.053,57.843,-10.9,162.25,47.376,55.161,0.79,184.04,73.141,11.702,1.49,103.45,-0.435,22.288,-61.7,55.2,15.481,21.634,-0.18,72.69,,,,,,,,,,,,,,,,,,,,,,,,
sihyun77/suho_3_17_1,30,5224,30,5224,6,30,5,so100,v2.1,1,observation.images.image,480,640,av1,yuv420p,166,174.25,175.0,175.0,176,174.13,0,0,1,Grasp a lego block and put it in the bin.,6,main_shoulder_pan|main_shoulder_lift|main_elbow_flex|main_wrist_flex|main_wrist_roll|main_gripper,6,5224,0,4.082,18.833,-49.57,62.75,59.666,58.039,-11.43,143.44,45.308,48.002,1.32,170.07,28.914,59.331,-91.41,103.45,-92.048,13.659,-152.67,-33.22,9.466,18.017,-0.57,73.95,,,,,,,,,,,,,,,,,,,,,,,,
sihyun77/suho_3_17_3,50,7009,50,7009,6,30,5,so100,v2.1,1,observation.images.image,480,640,av1,yuv420p,127,135.5,142.0,145.75,146,140.18,0,0,1,Grasp a lego block and put it in the bin.,6,main_shoulder_pan|main_shoulder_lift|main_elbow_flex|main_wrist_flex|main_wrist_roll|main_gripper,6,7009,0,2.643,17.381,-52.65,61.61,76.092,61.527,-15.56,153.9,39.544,39.623,0.7,171.21,-3.588,71.469,-112.85,103.45,10.189,27.581,-59.77,117.77,12.99,22.329,-0.37,82.47,,,,,,,,,,,,,,,,,,,,,,,,
sihyun77/suho_main_2,53,6152,53,6152,6,30,5,so100,v2.1,1,observation.images.image,480,640,av1,yuv420p,97,116.0,117.0,117.0,117,116.08,0,0,1,Grasp a lego block and put it in the bin.,6,main_shoulder_pan|main_shoulder_lift|main_elbow_flex|main_wrist_flex|main_wrist_roll|main_gripper,6,6152,0,17.479,34.787,-38.32,105.73,79.052,62.546,-12.39,178.51,53.125,52.712,0.79,183.96,10.966,63.62,-112.32,103.36,-3.891,10.961,-57.92,32.87,10.473,13.694,-0.55,63.47,,,,,,,,,,,,,,,,,,,,,,,,
sixpigs1/so100_pick_cube_in_box,100,5686,100,5686,6,30,5,so100,v2.1,1,observation.images.image,480,640,av1,yuv420p,39,49.75,53.5,62.0,96,56.86,0,0,1,Pick up the red cube and put it in the box.,6,main_shoulder_pan|main_shoulder_lift|main_elbow_flex|main_wrist_flex|main_wrist_roll|main_gripper,6,5686,0,6.95,13.951,-43.07,64.69,144.285,44.238,29.18,190.72,138.183,38.302,20.74,176.48,55.38,11.949,-19.51,96.77,-14.219,21.179,-131.57,15.38,6.408,9.139,0.0,46.24,,,,,,,,,,,,,,,,,,,,,,,,
sixpigs1/so100_stack_cube_error,80,4721,80,4721,6,30,5,so100,v2.1,1,observation.images.image,480,640,av1,yuv420p,43,54.75,58.0,64.0,79,59.01,0,0,4,Pick up the red cube and stack it on the green cube with position offset when grasping.,6,main_shoulder_pan|main_shoulder_lift|main_elbow_flex|main_wrist_flex|main_wrist_roll|main_gripper,6,4721,0,4.176,11.921,-30.76,40.87,130.612,43.348,63.9,194.68,128.642,35.702,68.2,181.67,66.675,16.188,25.22,101.6,-14.516,21.811,-89.47,53.96,11.391,16.57,-0.22,73.51,,,,,,,,,,,,,,,,,,,,,,,,
therarelab/so100_pick_place_2,60,5026,60,5026,6,30,5,so100,v2.1,1,observation.images.image,480,640,av1,yuv420p,52,70.75,81.0,89.25,179,83.77,0,0,1,Pick a plaster roll and place,6,main_shoulder_pan|main_shoulder_lift|main_elbow_flex|main_wrist_flex|main_wrist_roll|main_gripper,6,5026,0,-1.168,19.498,-32.52,40.17,140.473,40.452,82.27,197.14,127.602,30.201,57.13,169.72,62.855,12.461,28.04,91.14,183.289,14.267,48.25,229.31,17.849,26.97,-8.36,91.46,,,,,,,,,,,,,,,,,,,,,,,,
tkc79/so100_lego_box_1,104,9360,104,9360,6,30,5,so100,v2.1,1,observation.images.image,480,640,av1,yuv420p,90,90.0,90.0,90.0,90,90.0,0,0,1,Grasp a lego block and put it in the box.,6,main_shoulder_pan|main_shoulder_lift|main_elbow_flex|main_wrist_flex|main_wrist_roll|main_gripper,6,9360,0,0.979,16.797,-45.53,51.86,142.116,45.2,30.67,196.0,137.576,38.398,22.76,177.98,68.428,10.33,11.51,104.15,8.814,22.811,-68.99,111.45,6.054,12.475,0.0,65.0,,,,,,,,,,,,,,,,,,,,,,,,
tkc79/so100_lego_box_2,51,4482,51,4482,6,30,5,so100,v2.1,1,observation.images.image,480,640,av1,yuv420p,1,90.0,90.0,90.0,90,87.88,1,1,1,Grasp a lego block and put it in the box.,6,main_shoulder_pan|main_shoulder_lift|main_elbow_flex|main_wrist_flex|main_wrist_roll|main_gripper,6,4482,0,0.208,12.999,-36.56,31.82,135.427,47.682,29.27,193.8,128.077,45.816,10.99,174.64,69.569,9.934,11.16,104.06,2.319,13.278,-32.7,54.32,5.904,12.659,0.0,60.82,,,,,,,,,,,,,,,,,,,,,,,,
triton7777/so100_dataset_mix,65,13269,65,13269,6,30,5,so100,v2.1,1,observation.images.s_left,480,640,h264,yuv420p,60,60.0,119.0,179.0,536,204.14,0,0,7,pick black tape and place inside white tape,6,main_shoulder_pan|main_shoulder_lift|main_elbow_flex|main_wrist_flex|main_wrist_roll|main_gripper,6,13269,0,-16.159,20.951,-83.94,41.92,115.323,40.775,-0.35,182.37,101.698,42.981,-27.33,166.46,64.285,31.573,-78.22,110.04,-15.072,48.344,-190.28,128.41,11.894,14.541,-0.62,62.03,,,,,,,,,,,,,,,,,,,,,,,,
vladfatu/so100_above,50,6000,50,6000,6,30,5,so100,v2.1,1,observation.images.image,480,640,av1,yuv420p,120,120.0,120.0,120.0,120,120.0,0,0,1,Grab red object and place it in the box,6,main_shoulder_pan|main_shoulder_lift|main_elbow_flex|main_wrist_flex|main_wrist_roll|main_gripper,6,6000,0,26.435,33.053,-49.31,66.97,148.506,45.932,58.01,194.06,139.968,40.862,53.0,180.26,59.66,13.871,4.13,114.17,85.405,20.518,21.27,154.16,8.84,13.138,-0.18,48.74,,,,,,,,,,,,,,,,,,,,,,,,
vladfatu/so100_office,50,5997,50,5997,6,30,5,so100,v2.1,1,observation.images.image,480,640,av1,yuv420p,117,120.0,120.0,120.0,120,119.94,0,0,1,Grab red object and place it in the box,6,main_shoulder_pan|main_shoulder_lift|main_elbow_flex|main_wrist_flex|main_wrist_roll|main_gripper,6,5997,0,-0.127,14.991,-53.26,46.76,156.311,47.3,53.53,188.53,149.131,46.369,32.26,180.26,55.891,8.961,7.03,100.55,90.336,7.625,55.72,163.74,5.51,11.564,-0.27,56.92,,,,,,,,,,,,,,,,,,,,,,,,
weiye11/so100_410_zwy,101,7252,101,7252,6,30,5,so100,v2.1,1,observation.images.image,480,640,av1,yuv420p,30,65.0,72.0,79.0,91,71.8,0,0,1,Pick the cube,6,left_shoulder_pan|left_shoulder_lift|left_elbow_flex|left_wrist_flex|left_wrist_roll|left_gripper,6,7252,0,,,,,,,,,,,,,,,,,,,,,,,,,2.833,29.594,-92.72,110.74,130.993,42.663,27.42,190.81,128.32,34.537,9.32,175.61,61.479,12.746,13.45,104.85,-13.915,21.643,-103.71,41.13,11.633,13.778,-0.1,77.06
