sample_id,band,dataset,uploader,pitch_med,motion_deg,input_sharpness,n_gen_frames,gen_f0,gen_flast,gen_ratio,gen_mean,gt_f0,gt_flast,gt_ratio,gt_mean,gen_mae,gt_floor_mae,mae_above_floor
vp_00000,top_down,Gano007/so100_medic,Gano007,0.8959026192794446,405.27598571777344,69.85501001040143,16,277.5995528505742,168.1363844787702,0.6056795940470001,204.1544050036324,69.85501001040143,102.52842000829908,1.467731806087564,68.29407519712183,1.2667514085769653,1.2971038818359375,-0.030352473258972168
vp_00001,top_down,Gano007/so100_medic,Gano007,0.8959026192794446,367.8790893554688,85.10191750382319,16,300.0457714504003,240.62218344952913,0.8019515898710265,212.18686895857564,85.10191750382319,84.89720091797513,0.9975944538871705,84.99709705799552,1.0263127088546753,1.1013177633285522,-0.07500505447387695
vp_00002,top_down,Gano007/so100_medic,Gano007,0.8959026192794446,325.17623138427734,84.8521970280965,16,297.3704661532864,202.64248414304103,0.6814479149987374,201.716019321254,84.8521970280965,85.09478868204752,1.0028589908269296,84.98633801788822,1.5747932195663452,1.6601648330688477,-0.08537161350250244
vp_00003,top_down,Gano007/so100_medic,Gano007,0.8959026192794446,543.596923828125,85.12693635622661,16,299.0017004428804,200.8772063344717,0.6718263007744143,206.6324263439677,85.12693635622661,84.87862999657528,0.9970831046989718,84.98799007841814,1.3015490770339966,1.369843602180481,-0.06829452514648438
vp_00004,top_down,frk2/so100large,frk2,3.465875387345722,199.99171447753903,390.6342816119724,16,386.29854918479924,242.37610359545798,0.6274320835693369,244.06978519189173,390.6342816119724,470.6841609725846,1.2049228220039403,447.61767485954164,1.1829558610916138,1.1208767890930176,0.06207907199859619
vp_00005,top_down,frk2/so100large,frk2,3.465875387345722,401.1863403320313,480.1378879311456,16,452.2849058672414,261.6221673391759,0.5784454973949343,272.9810096470313,480.1378879311456,521.9843751623789,1.0871551449739938,566.6918225171446,1.0047297477722168,0.9943296313285828,0.010400116443634033
vp_00006,top_down,frk2/so100large,frk2,3.465875387345722,325.1776123046875,645.5907208485497,16,586.401183490604,259.69982503857466,0.4428705677097137,291.91915346985917,645.5907208485497,565.1992954643144,0.875476175866583,562.3894145406664,1.2820531129837036,1.483239769935608,-0.2011866569519043
vp_00007,top_down,frk2/so100large,frk2,3.465875387345722,357.3436889648437,589.4498774589432,16,553.7725399610028,322.54053188767284,0.5824422639479451,308.0225770013593,589.4498774589432,566.2469842773436,0.9606363593074521,528.5133898524999,1.0118333101272583,1.053388237953186,-0.041554927825927734
vp_00008,top_down,lirislab/close_top_drawer_teabox,lirislab,4.049297484095448,363.6913757324219,53.69175649379093,16,135.11943958386775,81.01280610784889,0.5995644028479352,98.37006442286773,53.69175649379093,27.65365618383619,0.5150447291944918,28.998289339762923,1.5164786577224731,1.4692206382751465,0.04725801944732666
vp_00009,top_down,lirislab/close_top_drawer_teabox,lirislab,4.049297484095448,352.96875,28.124714319006603,16,99.12311434414237,77.99888959512116,0.7868890128243189,82.39745789511593,28.124714319006603,20.61608550682068,0.7330238192732633,25.530094628998967,1.2818244695663452,1.3317325115203857,-0.04990804195404053
vp_00010,top_down,lirislab/close_top_drawer_teabox,lirislab,4.049297484095448,381.357421875,36.501367675770666,16,110.33789419591429,76.24177749421446,0.6909845257527729,96.72177876103669,36.501367675770666,29.174411525980638,0.7992689968312373,39.06207814623317,1.394580364227295,1.3535447120666504,0.04103565216064453
vp_00011,top_down,lirislab/close_top_drawer_teabox,lirislab,4.049297484095448,342.9491996765137,29.79718214644326,16,106.77245805501937,88.57166457995773,0.8295366257606208,97.93826408600435,29.79718214644326,19.55354327731662,0.6562212218780026,26.34738814263675,1.7412086725234985,1.6672148704528809,0.07399380207061768
vp_00012,top_down,samsam0510/cube_reorientation_2,samsam0510,5.555330926088512,498.955078125,209.2125445128971,16,331.3560180233419,194.14224491115655,0.5859022753493331,237.29936295171268,209.2125445128971,164.44210932714677,0.786005015661112,162.77419078268872,1.1102715730667114,1.184505820274353,-0.0742342472076416
vp_00013,top_down,samsam0510/cube_reorientation_2,samsam0510,5.555330926088512,293.5546875,205.2579215977033,16,336.63752439260486,156.9955858274922,0.46636389128126166,182.80991126954788,205.2579215977033,164.7250813206037,0.8025272790331339,176.85960951718226,1.1891682147979736,1.2077840566635132,-0.01861584186553955
vp_00014,top_down,samsam0510/cube_reorientation_2,samsam0510,5.555330926088512,397.08984375,243.10407564273405,16,389.79411001052705,203.11965939249848,0.5210947373896743,254.2810537629644,243.10407564273405,210.57752045566772,0.866203167915072,204.55584416165618,1.1006157398223877,1.0191243886947632,0.08149135112762451
vp_00015,top_down,samsam0510/cube_reorientation_2,samsam0510,5.555330926088512,334.3359375,221.4885214894506,16,361.5231130480393,176.58302610334007,0.4884418719845091,211.4734320691088,221.4885214894506,158.62854969913695,0.7161930949364173,173.05089164964556,1.1897529363632202,1.221946358680725,-0.03219342231750488
vp_00016,top_down,sihyun77/mond_1,sihyun77,6.264782041675998,448.8766479492188,149.915856207784,16,361.70969203948977,147.67465901192276,0.4082684602086694,179.2220957738836,149.915856207784,58.539425605254706,0.3904818815411249,77.56146747276915,1.2175259590148926,1.237696886062622,-0.020170927047729492
vp_00017,top_down,sihyun77/mond_1,sihyun77,6.264782041675998,541.2066650390625,127.89753685913082,16,352.64793043252087,153.41585545983168,0.4350397158753573,170.28461680840934,127.89753685913082,54.491484637694896,0.42605577851969867,67.37970021102427,1.0497736930847168,1.1133414506912231,-0.06356775760650635
vp_00018,top_down,sihyun77/mond_1,sihyun77,6.264782041675998,617.234375,137.67582986745833,16,352.0945615109429,145.32752682626244,0.4127514103092245,149.43462360296166,137.67582986745833,50.603752809895404,0.3675572746374182,73.83536939600508,1.335969090461731,1.3478689193725586,-0.011899828910827637
vp_00019,top_down,sihyun77/mond_1,sihyun77,6.264782041675998,511.9884033203125,64.6345799252722,16,254.36287788152694,122.87328857421872,0.48306297521513974,135.91807504575468,64.6345799252722,77.9434282904307,1.205909102826068,67.37739003251129,1.0533632040023804,1.033619999885559,0.01974320411682129
vp_00020,top_down,sihyun77/suho_3_17_1,sihyun77,6.579851110912539,526.3997802734375,281.85524452818765,16,274.9467918390036,171.37179866790774,0.6232907739022903,144.93994354097174,281.85524452818765,264.33046594221327,0.9378234787993821,265.180084774975,1.3026930093765259,1.385561466217041,-0.08286845684051514
vp_00021,top_down,sihyun77/suho_3_17_1,sihyun77,6.579851110912539,534.389404296875,333.3039816019694,16,343.4846234899386,120.18906859006731,0.3499110596816512,143.5719974741456,333.3039816019694,244.61478442246124,0.7339089777626646,276.10813900360404,1.5121434926986694,1.548661231994629,-0.03651773929595947
vp_00022,top_down,sihyun77/suho_3_17_1,sihyun77,6.579851110912539,477.4671630859375,235.4145481478268,16,240.39175073023884,144.1070555017889,0.5994675568668015,131.62835510766834,235.41454814782676,238.5102027996381,1.0131498018077214,252.02007085973358,1.6931356191635132,1.6015194654464722,0.09161615371704102
vp_00023,top_down,sihyun77/suho_3_17_1,sihyun77,6.579851110912539,425.3725082874298,268.9561094868554,16,255.9056053873523,136.60548452284186,0.5338120058587023,154.57998404909856,268.9561094868554,262.46488554619685,0.9758651180892709,266.3096182714873,1.6199289560317993,1.517812728881836,0.10211622714996338
vp_00024,top_down,shreyasgite/so100_legocube_50,shreyasgite,7.540616384920003,344.4587707519531,511.2728561337682,16,377.6613284820319,260.8868709113821,0.6907958301139737,260.16153353649656,511.27285613376824,1229.165306976276,2.404127839425678,246.46488759994438,1.2767008543014526,1.2464487552642822,0.03025209903717041
vp_00025,top_down,shreyasgite/so100_legocube_50,shreyasgite,7.540616384920003,321.9830627441406,686.4799323201074,16,429.509872815609,239.8358973449469,0.5583943758316153,259.01611985232915,686.4799323201074,132.49940100351967,0.19301278124113005,276.22102301202483,1.444637417793274,1.4625133275985718,-0.01787590980529785
vp_00026,top_down,shreyasgite/so100_legocube_50,shreyasgite,7.540616384920003,358.01513671875,675.6285454854328,16,440.2661554050072,275.1054891556129,0.6248617700397944,269.03585070537173,675.6285454854328,99.85060212579305,0.14778919983894928,244.53257808817426,1.4102987051010132,1.3172260522842407,0.09307265281677246
vp_00027,top_down,shreyasgite/so100_legocube_50,shreyasgite,7.540616384920003,352.2254638671875,1937.0912237847228,16,547.7255662104114,180.42147827114906,0.3294012355842997,239.63372981457735,1937.0912237847228,111.61773697322208,0.05762131158443006,1072.188457535706,1.3101764917373657,1.3624353408813477,-0.052258849143981934
vp_00028,top_down,tkc79/so100_lego_box_1,tkc79,7.575168414459993,369.6251525878906,106.60074581057228,16,288.00365875661373,116.28478458490227,0.4037614837482621,135.22063448912928,106.60074581057229,35.79663595808877,0.3358009898107372,117.16940780162878,1.098256230354309,1.1374562978744507,-0.0392000675201416
vp_00029,top_down,tkc79/so100_lego_box_1,tkc79,7.575168414459993,429.1942138671875,108.15791101985506,16,275.7331287549436,141.07415541317314,0.5116329548417827,172.17868730418616,108.15791101985506,114.876861924235,1.0621216778316325,120.39864848415124,1.2480366230010986,1.1724021434783936,0.07563447952270508
vp_00030,top_down,tkc79/so100_lego_box_1,tkc79,7.575168414459993,381.54681396484375,140.38997390030758,16,355.43026730682703,156.655444085449,0.4407487445343945,177.20274162034968,140.38997390030758,75.35496088850233,0.5367545758037959,96.68604236668614,1.2153565883636475,1.145211935043335,0.0701446533203125
vp_00031,top_down,tkc79/so100_lego_box_1,tkc79,7.575168414459993,671.7961120605469,36.35539595488442,16,172.64598813768478,133.73153013642877,0.7745996972081598,127.1375830362551,36.35539595488442,8.71671211136712,0.23976391625453464,11.971910615870025,1.2219737768173218,1.2267777919769287,-0.004804015159606934
vp_00032,top_down,lirislab/open_top_drawer_teabox,lirislab,7.951162129156478,445.8922119140625,29.48884507035149,16,104.28820076849311,85.38740950938315,0.8187638570744341,81.80342442716938,29.488845070351495,22.510314478174852,0.76335015575241,23.43989862365259,1.3681210279464722,1.2018251419067383,0.1662958860397339
vp_00033,top_down,lirislab/open_top_drawer_teabox,lirislab,7.951162129156478,475.7807221412658,25.88564778178533,16,112.68900624379512,96.10483429696413,0.8528323879988339,103.69630457138643,25.88564778178533,20.19517562866211,0.7801688332517782,21.019393460169102,1.2161505222320557,1.3408732414245605,-0.12472271919250488
vp_00034,top_down,lirislab/open_top_drawer_teabox,lirislab,7.951162129156478,469.7060852050781,28.45089841100905,16,108.63849604070188,85.8181185140833,0.7899420706371084,92.28123249380849,28.450898411009046,21.224276936679413,0.7459967214153316,22.886259789957606,1.340096116065979,1.5091174840927124,-0.1690213680267334
vp_00035,top_down,lirislab/open_top_drawer_teabox,lirislab,7.951162129156478,487.0940551757813,25.503561189609105,16,111.41403402145951,94.32132201194763,0.8465838513030931,95.2448511814722,25.503561189609105,19.906067500644262,0.7805210947549573,20.97303923767474,1.2663286924362183,1.3618650436401367,-0.09553635120391846
vp_00036,top_down,roboticshack/team-7-left-arm-grasp-motor,roboticshack,8.903432063294307,466.40625,247.62609313582317,16,432.6153365751728,174.63571767270565,0.4036743566578497,217.60618209098698,247.62609313582314,247.7394484313965,1.0004577679724194,251.02610551829338,1.440203070640564,1.375741958618164,0.0644611120223999
vp_00037,top_down,roboticshack/team-7-left-arm-grasp-motor,roboticshack,8.903432063294307,360.44921875,262.9946100036197,16,478.20383005127314,224.66922011375428,0.4698189474751705,225.66014156467747,262.9946100036197,251.0616818989648,0.9546267198957222,257.6781268248849,1.9668350219726562,1.973286747932434,-0.006451725959777832
vp_00038,top_down,roboticshack/team-7-left-arm-grasp-motor,roboticshack,8.903432063294307,467.880859375,272.01820571691724,16,495.839485581778,192.02897533640262,0.3872805230723085,241.59704837736908,272.01820571691724,193.2594251471519,0.7104650390480182,237.51363041825624,1.5436350107192993,1.440321445465088,0.10331356525421143
vp_00039,top_down,roboticshack/team-7-left-arm-grasp-motor,roboticshack,8.903432063294307,330.9375,263.7626541319848,16,426.42304071053866,144.39899690732364,0.33862850531335353,176.32395251615208,263.7626541319848,254.00216535373266,0.962995182880094,253.9332862587823,1.105918526649475,1.1762051582336426,-0.07028663158416748
vp_00040,top_down,356c/so100_duck_reposition_1,356c,11.23641570943012,270.1171875,2491.728381201416,16,1132.5613553756473,359.1586647437513,0.3171207131858288,459.6257707873452,2491.7283812014157,2318.5654500020237,0.9305048927055083,2385.4617276491886,1.0840641260147095,0.8254621028900146,0.2586020231246948
vp_00041,top_down,356c/so100_duck_reposition_1,356c,11.23641570943012,293.2819519042969,2438.097064665689,16,1125.609328374863,373.1142492866144,0.3314775738621315,447.57262542969323,2438.097064665689,2453.7760231831435,1.0064308180111763,2416.4725895963875,1.092909336090088,0.7871112823486328,0.3057980537414551
vp_00042,top_down,356c/so100_duck_reposition_1,356c,11.23641570943012,326.9515991210937,2245.719598543284,16,1107.2862621336803,377.95981113132086,0.3413388425886108,476.1157443102263,2245.7195985432836,2517.1030916171608,1.1208447809997262,2397.8810779227642,1.29491126537323,0.8828494548797607,0.41206181049346924
vp_00043,top_down,356c/so100_duck_reposition_1,356c,11.23641570943012,301.16656494140625,2519.876163894134,16,1225.2534901998938,413.1797756325826,0.33721983159977553,490.13375400802124,2519.876163894134,2636.77579412329,1.0463910218696844,2569.721346194464,1.3611310720443726,1.0920084714889526,0.2691226005554199
vp_00044,top_down,roboticshack/left-arm-grasp-lego-brick,roboticshack,11.523048317621186,279.58984375,251.66428245438468,16,443.6606748610362,177.6627380057797,0.4004473420165691,207.269816840156,251.66428245438468,257.5303388645489,1.0233090542365868,234.79593639973467,1.8618165254592896,1.7308201789855957,0.13099634647369385
vp_00045,top_down,roboticshack/left-arm-grasp-lego-brick,roboticshack,11.523048317621186,310.185546875,271.6086346766049,16,441.1964781745895,165.8805536805093,0.3759788708342576,192.64235343369188,271.6086346766049,225.141363920837,0.8289182860039638,242.32717608030373,1.634760856628418,1.411543846130371,0.22321701049804688
vp_00046,top_down,roboticshack/left-arm-grasp-lego-brick,roboticshack,11.523048317621186,325.46875,244.6408619594574,16,448.46615093644715,199.9125236839056,0.4457694817457689,214.03919874155662,244.6408619594574,248.495804100026,1.015757556234378,241.01221332550642,1.6726269721984863,1.6242823600769043,0.04834461212158203
vp_00047,top_down,roboticshack/left-arm-grasp-lego-brick,roboticshack,11.523048317621186,376.044921875,259.318331891844,16,443.3553947256505,167.09493712425234,0.37688711835180044,188.1323945987248,259.318331891844,236.65508645222982,0.9126045379237626,245.52639647867747,1.6362124681472778,1.594522476196289,0.04168999195098877
vp_00048,top_down,Ityl/so100_recording2,Ityl,11.530535598372085,364.9384460449219,53.06584145439995,16,160.73207741197197,106.0823121546209,0.6599946560888503,121.69470206248573,53.06584145439995,37.516562979369695,0.7069814017912277,42.23147793937656,1.1378446817398071,1.3069695234298706,-0.16912484169006348
vp_00049,top_down,Ityl/so100_recording2,Ityl,11.530535598372085,411.74586391448975,41.16096028763455,16,147.51335036993024,118.3793435361609,0.8024991855888955,139.92985034435986,41.160960287634545,48.49121451106601,1.1780875414720466,40.888557996882334,1.312126636505127,1.292449951171875,0.019676685333251953
vp_00050,top_down,Ityl/so100_recording2,Ityl,11.530535598372085,256.54931640625,40.46520839562947,16,134.26601319536567,124.92337288796901,0.9304169380918987,128.4585135048535,40.46520839562947,54.904607881503644,1.3568349220728815,41.50743694386085,1.3082022666931152,1.3282688856124878,-0.02006661891937256
vp_00051,top_down,Ityl/so100_recording2,Ityl,11.530535598372085,508.6776847839356,38.24394347631669,16,126.59037750657649,111.01478853806854,0.8769607194782578,125.10160268368665,38.24394347631669,35.528962280231056,0.9290088586524572,40.14321134547724,1.197844386100769,1.2014776468276978,-0.003633260726928711
vp_00052,top_down,Odog16/so100_cube_stacking_v1,Odog16,14.280536559308068,301.81280517578125,2056.205911441379,16,1612.5893489566074,528.670639760755,0.3278395954323353,722.755234362015,2056.205911441379,2013.0557224049453,0.9790146556834062,1942.8273218593179,0.9690454006195068,0.7245829105377197,0.2444624900817871
vp_00053,top_down,Odog16/so100_cube_stacking_v1,Odog16,14.280536559308068,330.1251525878906,880.184405788167,16,998.8648122912273,373.29674616917976,0.37372098964275885,444.05889868286437,880.184405788167,821.9600073430379,0.9338497727712801,770.0480679591974,1.018112301826477,1.0678530931472778,-0.04974079132080078
vp_00054,top_down,Odog16/so100_cube_stacking_v1,Odog16,14.280536559308068,370.5807266235352,718.6182233360186,16,1037.1569738801943,284.32312416341153,0.2741370219971934,426.52129277660515,718.6182233360186,738.9849868092433,1.0283415627530965,651.0281814110617,0.8650476336479187,0.9130236506462097,-0.047976016998291016
vp_00055,top_down,Odog16/so100_cube_stacking_v1,Odog16,14.280536559308068,425.6636657714844,733.86543944167,16,1052.8061299517378,324.6007335623726,0.30831957026783696,394.8296836364246,733.86543944167,594.9824382485285,0.8107514079153048,659.139965694621,0.9066855311393738,0.8539772033691406,0.052708327770233154
vp_00056,mid,ganker5/so100_dataline_20250331,ganker5,25.39174223796516,163.06448364257812,79.00648111672932,16,152.0824876546487,91.62905210908502,0.6024957476797409,97.93223464106674,79.00648111672932,64.00076809145608,0.8100698472583168,71.15701456502941,1.1488081216812134,1.2064507007598877,-0.057642579078674316
vp_00057,mid,ganker5/so100_dataline_20250331,ganker5,25.39174223796516,210.1351318359375,78.13929621272618,16,146.9676623247564,102.05761303171515,0.6944222383118721,95.72980097206775,78.13929621272618,65.86395418081285,0.8429043691494498,76.00651318023735,1.2655531167984009,1.1661819219589233,0.09937119483947754
vp_00058,mid,ganker5/so100_dataline_20250331,ganker5,25.39174223796516,210.9837646484375,97.26070009230509,16,171.5601663127169,104.94615077670662,0.6117163035666501,110.5538050660654,97.26070009230507,83.01849848826726,0.8535667377329708,93.87715718171464,1.073607087135315,1.0224703550338745,0.05113673210144043
vp_00059,mid,ganker5/so100_dataline_20250331,ganker5,25.39174223796516,249.0980224609375,62.45968306976956,16,136.3972892665863,88.88733747448771,0.6516796481204781,96.8697103301715,62.45968306976956,68.26915922783745,1.0930116175979552,67.73201927516064,1.177836298942566,1.090129017829895,0.0877072811126709
vp_00060,mid,samsam0510/tooth_extraction_4,samsam0510,25.70325560689772,437.471923828125,104.48560635324051,16,177.964959679693,114.67209357261656,0.6443520891885834,136.7675216003554,104.48560635324053,104.28765066490173,0.9981054262281097,107.37034681614173,1.1400446891784668,1.1653999090194702,-0.025355219841003418
vp_00061,mid,samsam0510/tooth_extraction_4,samsam0510,25.70325560689772,326.7228698730469,95.0377465646426,16,183.65910600867124,102.97803295459599,0.5607020266622299,126.86228518310469,95.0377465646426,93.55382425944012,0.9843859691561864,84.75696178803247,1.12783682346344,1.2109873294830322,-0.08315050601959229
vp_00062,mid,samsam0510/tooth_extraction_4,samsam0510,25.70325560689772,427.3360900878906,93.53935085168412,16,130.90369409307837,143.48894960995764,1.0961413320149274,126.06840974857099,93.53935085168413,93.38818022727969,0.9983838820343908,88.39189925228291,0.9235541224479675,0.9289364218711853,-0.0053822994232177734
vp_00063,mid,samsam0510/tooth_extraction_4,samsam0510,25.70325560689772,525.1650390625,97.44486968357296,16,180.889446198605,179.28971825227143,0.9911563223784305,165.54981366335647,97.44486968357296,80.07306345515781,0.8217268257872647,73.25230945831603,0.8032481074333191,0.6879104971885681,0.11533761024475098
vp_00064,mid,dragon-95/so100_sorting_2,dragon-95,26.034667554899457,622.798828125,705.0506738278601,16,892.7483841603993,355.1968810280785,0.3978689710670624,410.1898122533248,705.0506738278601,599.8835999541811,0.8508375670310946,601.9413734311183,1.0968207120895386,1.1597940921783447,-0.06297338008880615
vp_00065,mid,dragon-95/so100_sorting_2,dragon-95,26.034667554899457,761.311767578125,759.4073827692562,16,996.9902641307935,379.78875108208507,0.3809352656144697,422.1082889229502,759.4073827692562,699.890638544337,0.9216273826456532,700.1143419055151,1.2457365989685059,1.2755151987075806,-0.029778599739074707
vp_00066,mid,dragon-95/so100_sorting_2,dragon-95,26.034667554899457,607.024169921875,746.9853794987997,16,967.5437710748613,357.64534671768536,0.36964254993859474,420.10337823978625,746.9853794987997,622.0164290394674,0.8327022805399289,616.8830601014681,1.0933887958526611,1.0671063661575317,0.026282429695129395
vp_00067,mid,dragon-95/so100_sorting_2,dragon-95,26.034667554899457,651.951171875,771.4902115829361,16,979.3075157070161,353.3365635975823,0.3608024628935155,383.200289953223,771.4902115829361,782.1082389310094,1.0137630098057544,699.7351753353621,1.2731742858886719,1.3339509963989258,-0.060776710510253906
vp_00068,mid,jlesein/TestBoulon7,jlesein,26.24695182725172,328.9013671875,467.8665227846675,16,456.95550431966797,289.29129626139996,0.6330841701786136,331.3850072929403,467.8665227846675,283.97689342176636,0.6069613438699865,310.7500040873819,1.058126449584961,1.232255220413208,-0.17412877082824707
vp_00069,mid,jlesein/TestBoulon7,jlesein,26.24695182725172,505.9969506263733,456.514615980265,16,489.35715202093127,380.73905202951283,0.7780392101277585,369.8433523357939,456.514615980265,571.1015928578272,1.2510039610238126,426.4917576315297,0.9431785941123962,0.9328479170799255,0.010330677032470703
vp_00070,mid,jlesein/TestBoulon7,jlesein,26.24695182725172,446.0023498535156,784.19206253678,16,831.6713986240327,466.5727698272467,0.5610061505044082,584.01981450269,784.19206253678,624.7507188394759,0.796680747848525,685.5822168041401,1.1161342859268188,1.1371628046035767,-0.021028518676757812
vp_00071,mid,jlesein/TestBoulon7,jlesein,26.24695182725172,524.8434162139893,643.9744869740382,16,652.5233371844515,393.7014391957224,0.603352273795887,480.95643636529803,643.9744869740382,559.1516672054291,0.86828232874869,599.7102696432107,0.9777165055274963,1.0670669078826904,-0.08935040235519409
vp_00072,mid,AndrejOrsula/lerobot_double_ball_stacking_random,AndrejOrsula,26.41361548061053,466.57439041137695,120.56062133721244,16,301.44539567735046,254.12987220153212,0.8430378298851009,254.16256517312954,120.56062133721244,139.8173899921735,1.1597268530985707,127.20963110408715,1.6812292337417603,1.7138671875,-0.032637953758239746
vp_00073,mid,AndrejOrsula/lerobot_double_ball_stacking_random,AndrejOrsula,26.41361548061053,298.874267578125,127.6268587408702,16,310.2872409730777,263.0042902177572,0.8476155493603728,255.2000251410366,127.6268587408702,99.13337063444985,0.7767437952457215,120.9127317020529,1.4663411378860474,1.556477427482605,-0.09013628959655762
vp_00074,mid,AndrejOrsula/lerobot_double_ball_stacking_random,AndrejOrsula,26.41361548061053,273.44921875,109.63043001030816,16,249.948716442436,227.56798353135588,0.9104587003664613,228.47565925736447,109.63043001030816,125.27454176834956,1.142698626242985,118.5867511322783,1.3672162294387817,1.6164206266403198,-0.24920439720153809
vp_00075,mid,AndrejOrsula/lerobot_double_ball_stacking_random,AndrejOrsula,26.41361548061053,458.4285888671875,125.25702775080998,16,301.0171476601064,258.69179065465926,0.8593922062735835,248.30459560544463,125.25702775080998,119.6376592780113,0.9551372998812238,119.23956677649417,1.659003734588623,1.7154597043991089,-0.05645596981048584
vp_00076,mid,lirislab/put_coffee_cap_teabox,lirislab,26.96662486569349,404.93499755859375,60.39148514539932,16,168.45120816692707,125.6733456652984,0.7460519104144157,135.89665850621182,60.39148514539932,57.09171595047845,0.9453603568794233,53.56108197822704,1.0080064535140991,0.929412841796875,0.07859361171722412
vp_00077,mid,lirislab/put_coffee_cap_teabox,lirislab,26.96662486569349,354.1349258422852,66.19210534794068,16,162.3697631114721,110.402532800287,0.6799451491704902,125.53083037798292,66.19210534794068,60.44058398563595,0.9131086504503096,59.0401716936787,0.8854312896728516,0.8198363780975342,0.06559491157531738
vp_00078,mid,lirislab/put_coffee_cap_teabox,lirislab,26.96662486569349,320.0911865234375,38.32004625268512,16,133.48081566061825,107.47057409550993,0.8051387277101617,110.22678157933754,38.320046252685124,38.26419542944166,0.9985425167841991,39.48047868760493,1.2029755115509033,1.0128767490386963,0.19009876251220703
vp_00079,mid,lirislab/put_coffee_cap_teabox,lirislab,26.96662486569349,402.781494140625,63.44018627861871,16,157.0700798152387,159.6437718974054,1.016385629167425,138.27229632326868,63.44018627861871,61.53337906009887,0.9699432279231432,57.14467369992734,0.9419798851013184,0.9917582869529724,-0.04977840185165405
vp_00080,mid,tkc79/so100_lego_box_2,tkc79,28.29372066792561,319.3011474609375,152.59170560557047,16,375.31728488072764,185.0216401418671,0.4929739385708609,183.7886147400434,152.59170560557047,108.29462071223789,0.7097018824303306,131.43102336124775,1.1890820264816284,1.326387643814087,-0.1373056173324585
vp_00081,mid,tkc79/so100_lego_box_2,tkc79,28.29372066792561,383.34033203125,160.3271654051039,16,360.87385251387957,198.28539322312923,0.5494590196582712,190.3242705680779,160.3271654051039,161.11921283508937,1.00494019480092,134.75859114173915,1.415421485900879,1.4118653535842896,0.0035561323165893555
vp_00082,mid,tkc79/so100_lego_box_2,tkc79,28.29372066792561,430.4065551757813,169.9273988680415,16,400.14809553086764,152.85357665285468,0.3819925131711179,209.41996420243987,169.9273988680415,116.01865369055008,0.6827542495366657,142.7905565370626,1.0341559648513794,1.2526359558105469,-0.21847999095916748
vp_00083,mid,tkc79/so100_lego_box_2,tkc79,28.29372066792561,404.36376953125,199.1344391245418,16,435.65762326773256,160.04939909934996,0.3673742649066984,207.301801429037,199.1344391245418,49.38660108909606,0.24800632831752875,134.37432054445347,1.2394787073135376,1.2290372848510742,0.010441422462463379
vp_00084,mid,triton7777/so100_dataset_mix,triton7777,29.38106211869899,527.6436462402344,141.2517744945844,16,248.84266531690955,192.16454524394123,0.7722331096174403,217.14134180454536,141.2517744945844,143.58304733733073,1.0165043791490154,137.99890442557,0.6150339245796204,0.6159992218017578,-0.0009652972221374512
vp_00085,mid,triton7777/so100_dataset_mix,triton7777,29.38106211869899,787.09912109375,127.16282869210772,16,251.38233635839075,216.22735448345543,0.8601533330262485,182.59060292113574,127.16282869210772,160.03048106549585,1.2584690251874646,130.08609053293665,1.3279120922088623,0.9089066386222839,0.41900545358657837
vp_00086,mid,triton7777/so100_dataset_mix,triton7777,29.38106211869899,556.5070190429688,176.50181954904136,16,281.4248675881326,248.51163351353253,0.8830478828770317,199.8961746510607,176.50181954904136,142.90437101185051,0.8096481462693059,153.17803478211493,0.9417179226875305,0.8816846013069153,0.060033321380615234
vp_00087,mid,triton7777/so100_dataset_mix,triton7777,29.38106211869899,502.1864318847656,122.96562623162797,16,289.5720046138764,219.9597639482841,0.7596030018192717,226.62672140459065,122.96562623162795,155.04455178450482,1.2608771779130334,135.1149632781658,1.3155553340911865,1.3665937185287476,-0.051038384437561035
vp_00088,mid,samsam0510/tooth_extraction_3,samsam0510,29.595459609483527,321.46246337890625,105.40990567203096,16,194.02956542953854,113.55874198377133,0.5852651462254844,141.69302689751612,105.40990567203097,106.87137079158356,1.013864589947418,103.86229282728567,1.0767874717712402,1.0512384176254272,0.02554905414581299
vp_00089,mid,samsam0510/tooth_extraction_3,samsam0510,29.595459609483527,346.3465576171875,101.34315637054443,16,188.19737495299432,132.53605742454528,0.7042396710206202,144.5730632472085,101.34315637054443,109.04058427933587,1.0759540967874646,103.00681131762067,1.098378300666809,1.1167691946029663,-0.018390893936157227
vp_00090,mid,samsam0510/tooth_extraction_3,samsam0510,29.595459609483527,308.53631591796875,98.19255643080604,16,210.18100060090424,131.51365065541123,0.6257161697717206,138.82136830449105,98.19255643080605,105.95094726863437,1.0790120057849442,95.6278892857419,1.176594853401184,1.1375653743743896,0.039029479026794434
vp_00091,mid,samsam0510/tooth_extraction_3,samsam0510,29.595459609483527,355.18865966796875,87.69429489126206,16,187.7664867579564,122.94404496457427,0.6547709715760014,146.87056574834745,87.69429489126206,105.12345166497762,1.1987490382826884,98.60543697087499,1.090891718864441,1.034885048866272,0.056006669998168945
vp_00092,mid,roboticshack/team13-two-balls-stacking,roboticshack,30.84118115044246,346.37896728515625,85.54500228372152,16,109.15862180706112,154.98911359455434,1.4198522391303106,142.89878727243516,85.54500228372152,65.60054901520412,0.7668542552242177,77.28844350189303,1.4783954620361328,1.3949543237686157,0.08344113826751709
vp_00093,mid,roboticshack/team13-two-balls-stacking,roboticshack,30.84118115044246,334.9247741699219,75.52847262945177,16,100.34291307773441,154.4640680371225,1.5393620067211098,162.2423986853007,75.52847262945177,78.22026266780428,1.0356394078101245,79.41527683912452,1.2803924083709717,1.3594495058059692,-0.07905709743499756
vp_00094,mid,roboticshack/team13-two-balls-stacking,roboticshack,30.84118115044246,395.00286865234375,173.04293605498205,16,262.319581067413,274.81543307244783,1.0476359864297584,234.71240168112328,173.04293605498205,171.1132704606692,0.9888486312166562,177.53919609899123,1.3819586038589478,1.3594249486923218,0.022533655166625977
vp_00095,mid,roboticshack/team13-two-balls-stacking,roboticshack,30.84118115044246,377.1710205078125,169.51047826130122,16,223.64879671320318,194.07484079584475,0.867766085251286,199.21606495642337,169.51047826130122,143.3500174598588,0.84567053865566,157.40348138387668,1.535791039466858,1.508617877960205,0.027173161506652832
vp_00096,mid,frk2/so100largediffcam,frk2,31.97842661137241,391.8615112304688,936.1906816034848,16,796.5607318030299,609.1645744442566,0.7647434151877367,595.0270985918027,936.1906816034848,972.4116352156641,1.038689718155603,955.5243835895961,1.1407369375228882,1.1907578706741333,-0.05002093315124512
vp_00097,mid,frk2/so100largediffcam,frk2,31.97842661137241,283.4955444335937,949.2991456975304,16,863.2091343289242,461.28708361014725,0.5343862399790598,514.4117824509576,949.2991456975303,967.1666710302986,1.0188218070275632,952.5098649076522,1.3544124364852905,1.3226574659347534,0.03175497055053711
vp_00098,mid,frk2/so100largediffcam,frk2,31.97842661137241,222.3041076660156,936.8949009907616,16,830.951718290709,296.73430568691344,0.357101741478972,338.56593498843955,936.8949009907615,977.9066186308863,1.0437740856479327,975.2831399763788,1.036787509918213,1.0151664018630981,0.021621108055114746
vp_00099,mid,frk2/so100largediffcam,frk2,31.97842661137241,253.54547119140625,884.6531333622297,16,720.7194472068549,469.314754562229,0.6511753725813909,430.83019295820736,884.6531333622297,862.801601538086,0.9752993224111809,868.4702360310926,1.1175464391708374,1.2166049480438232,-0.09905850887298584
vp_00100,mid,roboticshack/team13-three-balls-stacking,roboticshack,33.084795810069,411.44482421875,414.8115299045139,16,638.854627905935,359.78553836699575,0.5631727824305711,379.13438109094744,414.8115299045139,458.47453735334614,1.1052598693623048,444.1932918660177,1.7432187795639038,1.7679824829101562,-0.02476370334625244
vp_00101,mid,roboticshack/team13-three-balls-stacking,roboticshack,33.084795810069,325.04248046875,481.72715880923806,16,788.732166955471,379.7935848545655,0.4815241482036902,369.19889839384473,481.72715880923806,423.98142241058355,0.8801277126615116,447.2391560481741,1.7346466779708862,1.839126706123352,-0.10448002815246582
vp_00102,mid,roboticshack/team13-three-balls-stacking,roboticshack,33.084795810069,390.667724609375,425.2123925715023,16,719.1985322650895,332.58591403033586,0.46243964511774827,380.7606715010339,425.2123925715023,397.95223958295196,0.9358905020979551,418.53693628472615,1.6233649253845215,1.6684885025024414,-0.04512357711791992
vp_00103,mid,roboticshack/team13-three-balls-stacking,roboticshack,33.084795810069,430.5318603515625,495.1007856714884,16,778.9679820483923,353.80585691150276,0.4541982020630328,397.9579426279082,495.1007856714884,422.7489190260145,0.8538643671344627,462.5682658312261,1.5803847312927246,1.6298686265945435,-0.04948389530181885
vp_00104,mid,CSCSXX/pick_place_cube_1.18,CSCSXX,35.8344118389633,386.6146240234375,157.9855189818912,16,355.0554179011286,219.77609153952443,0.6189909531252554,183.01597866708647,157.9855189818912,146.55795595142575,0.9276670222370003,132.83041603521372,0.7207202315330505,0.93960040807724,-0.21888017654418945
vp_00105,mid,CSCSXX/pick_place_cube_1.18,CSCSXX,35.8344118389633,301.2523603439331,170.73831621292967,16,357.0317658112943,200.58257261034103,0.5618059562683149,211.92277164644096,170.73831621292967,152.1452633378347,0.8911020485126581,153.68828372929295,0.9990904927253723,1.3853579759597778,-0.3862674832344055
vp_00106,mid,CSCSXX/pick_place_cube_1.18,CSCSXX,35.8344118389633,303.1815795898437,189.2733772945404,16,347.68354091405865,192.8449991649389,0.5546566819280416,233.8473834044067,189.27337729454038,99.09382246982787,0.5235486568990529,139.9079315404561,1.063825011253357,1.3895946741104126,-0.32576966285705566
vp_00107,mid,CSCSXX/pick_place_cube_1.18,CSCSXX,35.8344118389633,379.0679626464844,164.82207825163732,16,338.30869988664983,222.42405657038094,0.6574588730477418,232.39162677069424,164.82207825163732,154.3540974100325,0.9364892073102026,155.47815948500897,1.287038803100586,1.5978546142578125,-0.31081581115722656
vp_00108,mid,Bartm3/dice2,Bartm3,36.6558578511176,388.8973083496094,178.8853709791396,16,242.48738986119628,115.29071558710189,0.4754503549756576,147.3510132511193,178.8853709791396,118.93281896968413,0.664854919762491,151.0375823186404,1.1154932975769043,1.000623345375061,0.11486995220184326
vp_00109,mid,Bartm3/dice2,Bartm3,36.6558578511176,453.1409912109375,222.079833979702,16,285.57868038412187,119.06438497211784,0.41692322694240197,144.7232258208026,222.079833979702,130.53956703947915,0.5878046858177255,163.03879367119404,1.616083025932312,1.1402438879013062,0.47583913803100586
vp_00110,mid,Bartm3/dice2,Bartm3,36.6558578511176,428.60845947265625,100.1901073984676,16,240.95537107571954,112.39254760112613,0.4664454961053375,132.13295848468084,100.1901073984676,78.1079785143428,0.7795977122064434,73.6819685669899,1.6042829751968384,1.5381325483322144,0.06615042686462402
vp_00111,mid,Bartm3/dice2,Bartm3,36.6558578511176,383.4700927734375,125.6603642323388,16,201.92562255486845,131.07612687762827,0.64913073050629,137.04711635026615,125.66036423233881,215.5223919626766,1.7151183133806054,143.5548523848825,0.9285071492195129,0.9950699806213379,-0.06656283140182495
vp_00112,side,pierfabre/pig2,pierfabre,56.35343099373553,414.0777931213379,154.4298742763837,16,307.7765250712261,150.1123390907049,0.4877316067412157,161.95710041764426,154.4298742763837,168.750508187347,1.0927322772033141,164.95514429872034,1.3021432161331177,1.3168631792068481,-0.014719963073730469
vp_00113,side,pierfabre/pig2,pierfabre,56.35343099373553,363.19389724731445,172.94241231069572,16,329.54807237800213,209.48992867764088,0.6356885269130435,183.17221736802256,172.94241231069572,188.65545587141247,1.0908570856025588,187.77843642443486,1.380489706993103,1.3947817087173462,-0.014292001724243164
vp_00114,side,pierfabre/pig2,pierfabre,56.35343099373553,364.2719650268554,186.99925181681317,16,333.20848284944896,173.46679611429573,0.5205953780959152,195.49669461728774,186.99925181681314,190.54644915258618,1.0189690455993319,192.56733144411646,1.3530298471450806,1.510086178779602,-0.15705633163452148
vp_00115,side,pierfabre/pig2,pierfabre,56.35343099373553,466.8169555664063,145.4709826804161,16,261.9967156809196,156.91337693557142,0.5989135265576156,164.9755867670686,145.4709826804161,173.16936430596246,1.1904048567899363,148.32448202675647,1.1993399858474731,1.5543279647827148,-0.3549879789352417
vp_00116,side,pierfabre/sheep,pierfabre,58.88280832295197,398.7034606933594,153.87638444763817,16,268.627104885839,159.0374750314653,0.5920380785790806,174.48289103809978,153.87638444763817,192.68778768713207,1.2522245591977021,163.6408801632782,1.169758677482605,1.4923197031021118,-0.32256102561950684
vp_00117,side,pierfabre/sheep,pierfabre,58.88280832295197,369.1739196777344,162.11166314136716,16,311.89699022617185,162.72649476766583,0.5217315327382387,179.78595073221018,162.11166314136716,178.5757773651017,1.1015603313394897,165.3020756938226,1.2216269969940186,1.5017348527908325,-0.28010785579681396
vp_00118,side,pierfabre/sheep,pierfabre,58.88280832295197,484.2430419921875,191.40669042450585,16,358.4856006322801,162.55073335036633,0.45343727352845836,181.66849361164498,191.40669042450585,222.2317824808757,1.1610450083371917,180.70123553888868,1.4710278511047363,1.75814950466156,-0.28712165355682373
vp_00119,side,pierfabre/sheep,pierfabre,58.88280832295197,365.04443359375,185.2474824184735,16,332.3766021251305,157.649721060656,0.47431052622901226,173.7005528875883,185.2474824184735,186.21233707135517,1.0052084629668372,179.29238614640104,1.4337881803512573,1.519687533378601,-0.08589935302734375
vp_00120,side,paszea/so100_whale_3,paszea,59.4086393145018,374.7899169921875,579.5943671616872,16,579.4928135853635,193.30357603486627,0.3335737243030671,284.62454155613904,579.5943671616872,309.87403261816235,0.5346394826697537,379.4611120242887,1.2565748691558838,1.3946176767349243,-0.13804280757904053
vp_00121,side,paszea/so100_whale_3,paszea,59.4086393145018,300.7582092285156,581.2329528418225,16,602.408269523047,260.524764251709,0.43247209148962273,289.4045514064072,581.2329528418225,321.7855361746788,0.5536257615828887,360.691376988148,1.1684579849243164,1.2813034057617188,-0.11284542083740234
vp_00122,side,paszea/so100_whale_3,paszea,59.4086393145018,399.384033203125,388.8922532629965,16,492.40542908176775,201.66557694539432,0.4095518957235068,240.77574657089076,388.8922532629965,303.71562630503973,0.7809762826488208,367.7035371589866,1.3692322969436646,1.4523845911026,-0.08315229415893555
vp_00123,side,paszea/so100_whale_3,paszea,59.4086393145018,308.83072543144226,467.5624192681203,16,514.9823960588872,293.13615896370254,0.5692158823417603,302.3249881007755,467.5624192681203,419.4595720916326,0.8971199454980135,401.3419955866383,1.056174397468567,1.0859780311584473,-0.02980363368988037
vp_00124,side,pietroom/actualeasytask,pietroom,60.01151162775327,291.0042724609375,772.5817818196192,16,645.7612853249535,317.747252919674,0.4920506387422844,337.4136624808284,772.5817818196192,637.1784151661767,0.8247391152100957,723.9720467162888,0.9895032048225403,1.0657089948654175,-0.0762057900428772
vp_00125,side,pietroom/actualeasytask,pietroom,60.01151162775327,366.9987182617188,685.5361192169081,16,657.3986005729064,313.99318221434953,0.47762983057803093,374.8900186615507,685.5361192169081,708.866267769612,1.03403197570147,684.4545402111191,0.5973084568977356,0.6138708591461182,-0.01656240224838257
vp_00126,side,pietroom/actualeasytask,pietroom,60.01151162775327,371.0513000488281,793.1207373123062,16,673.3799133103713,343.63231446560474,0.5103097191833059,413.4918810953037,793.1207373123062,770.1971085230405,0.9710969241985533,742.8619027327716,1.2716506719589233,1.2996501922607422,-0.027999520301818848
vp_00127,side,pietroom/actualeasytask,pietroom,60.01151162775327,431.5231018066406,844.2584383326212,16,712.4103420388327,368.19543455228205,0.5168305579310292,418.61720227087153,844.2584383326212,840.720710705185,0.9958096626959171,820.8648101784023,0.9238730072975159,0.9505462646484375,-0.02667325735092163
vp_00128,side,paszea/so100_whale_4,paszea,60.43018076227061,562.23779296875,389.00396198713497,16,476.79901707734916,181.9733054345846,0.381656209254899,221.75117089605658,389.00396198713497,429.8312865826819,1.1049534929821414,319.70521170209315,1.4749828577041626,1.5004538297653198,-0.025470972061157227
vp_00129,side,paszea/so100_whale_4,paszea,60.43018076227061,521.2002944946289,429.1267440191904,16,529.3955983262883,285.00296890199195,0.5383553807445798,276.1891059627594,429.1267440191904,251.49739101273227,0.5860678564487216,322.83286418588756,1.4428248405456543,1.2755457162857056,0.16727912425994873
vp_00130,side,paszea/so100_whale_4,paszea,60.43018076227061,375.615587234497,460.8012852803443,16,527.9760187235104,307.3911990216002,0.5822067444733547,283.01345870837105,460.8012852803443,265.5212073037784,0.5762162905896915,295.8115112345165,1.2375222444534302,1.2445825338363647,-0.00706028938293457
vp_00131,side,paszea/so100_whale_4,paszea,60.43018076227061,407.0213623046875,425.0798520707449,16,507.84274835452425,253.52576394304634,0.49922099855516927,245.85398150562074,425.0798520707449,356.86498573977167,0.8395245834411839,320.44116531007757,1.4479351043701172,1.5097079277038574,-0.061772823333740234
vp_00132,side,bensprenger/chess_game_001_blue_stereo,bensprenger,62.93866392899136,305.3224220275879,447.8822667710622,16,730.7308487158641,397.64122684355823,0.5441692075020526,440.5153231084649,447.8822667710622,376.34205263735447,0.8402700454065617,418.3885856858743,1.4371744394302368,1.7276411056518555,-0.29046666622161865
vp_00133,side,bensprenger/chess_game_001_blue_stereo,bensprenger,62.93866392899136,298.53570556640625,428.273066633055,16,736.1089706253631,341.8715869217739,0.46443067611426014,365.215626811313,428.273066633055,418.6118708732499,0.9774415051669354,408.93806010966966,1.5521751642227173,1.7446675300598145,-0.19249236583709717
vp_00134,side,bensprenger/chess_game_001_blue_stereo,bensprenger,62.93866392899136,297.9850769042969,354.62691010500595,16,663.444414087385,323.25797423362735,0.4872419864711718,387.71479580204704,354.62691010500595,362.09778463537424,1.0210668573547763,344.15876412540945,1.4801865816116333,1.8078104257583618,-0.3276238441467285
vp_00135,side,bensprenger/chess_game_001_blue_stereo,bensprenger,62.93866392899136,325.73583984375,349.5791842244043,16,537.8161606651172,211.85149867996574,0.3939106225770068,291.8244689209992,349.5791842244043,404.0682686288515,1.155870506203577,375.6971078899311,1.001334547996521,1.198927402496338,-0.1975928544998169
vp_00136,side,FeiYjf/new_GtoR,FeiYjf,63.314307583031486,262.6264038085937,500.4362660886024,16,823.5875479674339,447.0346873378755,0.5427895169622079,457.69918339232214,500.43626608860234,506.4730435467931,1.0120630295329354,440.0643915545901,0.5289784669876099,0.5665654540061951,-0.037586987018585205
vp_00137,side,FeiYjf/new_GtoR,FeiYjf,63.314307583031486,409.04296875,341.53756301523845,16,576.6945707326755,278.22395323034374,0.4824459381963402,296.5538593968772,341.53756301523845,327.14694735665853,0.9578652036616666,325.29433562778365,0.7866345047950745,0.7267622351646423,0.05987226963043213
vp_00138,side,FeiYjf/new_GtoR,FeiYjf,63.314307583031486,308.4774475097656,223.30470725907225,16,436.47777656897915,242.2449307738244,0.5549994610893689,263.8771684506722,223.30470725907222,148.6509747581376,0.665686704870986,189.24752725020318,0.4253319203853607,0.6535875797271729,-0.22825565934181213
vp_00139,side,FeiYjf/new_GtoR,FeiYjf,63.314307583031486,253.4765625,277.44400164451594,16,514.9295218121634,240.5841603955254,0.4672176486373969,291.916213049097,277.44400164451594,273.8990016445161,0.9872226468044921,231.3707757855217,0.6782407760620117,0.5937243700027466,0.08451640605926514
vp_00140,side,koenvanwijk/orange50-1,koenvanwijk,63.35405699024052,356.7171325683594,912.325766186354,16,1188.2852172368766,442.0182734584808,0.3719799481187987,526.2542105447314,912.3257661863539,909.7094504774306,0.9971322571312909,911.7450855617238,1.2060292959213257,1.3002322912216187,-0.09420299530029297
vp_00141,side,koenvanwijk/orange50-1,koenvanwijk,63.35405699024052,466.4007873535156,870.4608329427084,16,1238.7590697585044,410.2806823220476,0.33120296943755206,568.4437013850081,870.4608329427084,903.91118473942,1.038428325008708,913.8563512050106,1.5303767919540405,1.4125652313232422,0.11781156063079834
vp_00142,side,koenvanwijk/orange50-1,koenvanwijk,63.35405699024052,407.0509948730469,1010.008648249266,16,1262.4836852401124,513.0984851211309,0.40641989367422043,499.74096726035236,1010.0086482492661,795.8097643770747,0.7879237130847656,910.1115746441583,1.332905650138855,1.2693190574645996,0.06358659267425537
vp_00143,side,koenvanwijk/orange50-1,koenvanwijk,63.35405699024052,433.7898254394531,911.6899981368912,16,1156.7238716864583,392.2386142477021,0.3390944233523031,511.79179438136515,911.6899981368913,940.14376121308,1.0312099103130505,897.2350278246787,1.0138667821884155,1.1654192209243774,-0.15155243873596191
vp_00144,side,koenvanwijk/orange50-variation-2,koenvanwijk,64.85584643452418,406.2197265625,871.6112055964044,16,1060.8111810551584,423.8713996541126,0.39957289970501664,457.59979009115136,871.6112055964044,760.482882435057,0.8725024157001519,840.7127741061356,1.34420907497406,1.2455083131790161,0.09870076179504395
vp_00145,side,koenvanwijk/orange50-variation-2,koenvanwijk,64.85584643452418,455.7591552734375,907.2047599588924,16,1171.1806172683464,329.73144426107405,0.281537654738392,452.14443231157725,907.2047599588923,792.8384463625483,0.8739355009530593,824.0752859103501,1.2861709594726562,1.4807814359664917,-0.19461047649383545
vp_00146,side,koenvanwijk/orange50-variation-2,koenvanwijk,64.85584643452418,501.0561828613281,862.6850287473891,16,1144.4778246873614,307.56079658851024,0.26873460538412647,497.9946179099917,862.6850287473891,854.43335417632,0.9904348930408113,812.8139436802653,1.2451791763305664,1.4105010032653809,-0.16532182693481445
vp_00147,side,koenvanwijk/orange50-variation-2,koenvanwijk,64.85584643452418,422.7051544189453,914.7831314127606,16,1239.151342673264,393.0917448705435,0.31722658188159314,515.4623302435525,914.7831314127606,923.1355068664127,1.0091304432338448,888.0350350600276,1.3455103635787964,1.3683923482894897,-0.02288198471069336
vp_00148,side,therarelab/so100_pick_place_2,therarelab,75.34040160832555,380.9139404296875,1734.4217966499227,16,1470.1868633984036,428.87642209585755,0.29171558580260915,547.1303633459215,1734.4217966499227,1649.2232859151204,0.9508778597568849,1686.9689915688455,1.8880500793457031,1.768166422843933,0.11988365650177002
vp_00149,side,therarelab/so100_pick_place_2,therarelab,75.34040160832555,375.5513916015625,1723.6877196947628,16,1444.178795456737,342.1566491121054,0.2369212525403808,473.37308378118087,1723.6877196947628,1661.1624199406945,0.9637258541436355,1708.8416789183207,1.8036231994628906,1.80623197555542,-0.002608776092529297
vp_00150,side,therarelab/so100_pick_place_2,therarelab,75.34040160832555,348.1781616210937,1139.5109308049523,16,1366.0428702102602,279.9245419141278,0.20491636684201364,425.7302594843856,1139.5109308049523,953.9943196360161,0.8371962864465687,1026.8075566160646,1.0383421182632446,1.2055190801620483,-0.1671769618988037
vp_00151,side,therarelab/so100_pick_place_2,therarelab,75.34040160832555,397.427978515625,946.169677188354,16,1192.4984008608758,263.9578123831749,0.22134856716990137,349.3996294678631,946.169677188354,894.1267536599798,0.9449962043975344,966.4956898877065,0.8004241585731506,1.0218557119369507,-0.22143155336380005
vp_00152,side,Mwuqiu/so100_0408_muti,Mwuqiu,75.96164340210129,281.5291442871094,137.56883592389428,16,259.5205957620963,131.34256414618343,0.5060968812898367,167.03075997388453,137.56883592389428,115.08075235916775,0.8365321374238864,119.91040074770119,1.3195562362670898,1.2800660133361816,0.0394902229309082
vp_00153,side,Mwuqiu/so100_0408_muti,Mwuqiu,75.96164340210129,266.07476806640625,117.18326954735647,16,206.24010942563413,130.82945373296735,0.6343550442088345,139.09266390600243,117.18326954735649,114.04789227675325,0.9732438147212695,114.70867698727778,1.3134821653366089,1.3735545873641968,-0.06007242202758789
vp_00154,side,Mwuqiu/so100_0408_muti,Mwuqiu,75.96164340210129,331.09600830078125,126.11611113548278,16,228.95312697827822,97.83086928367614,0.42729649764744415,130.28494328510948,126.11611113548278,111.85974864721298,0.886958435676457,113.22017702536516,1.283826470375061,1.3301924467086792,-0.046365976333618164
vp_00155,side,Mwuqiu/so100_0408_muti,Mwuqiu,75.96164340210129,367.6651916503906,137.38861792246502,16,253.51364520654087,114.02755095716566,0.44978861340507387,158.19006475230913,137.38861792246502,113.24230524036619,0.8242480851175751,114.55461837925446,1.4776557683944702,1.3921574354171753,0.08549833297729492
vp_00156,side,roboticshack/team9-pick_chicken_place_plate,roboticshack,76.62829925918774,498.5108642578125,581.8319397296483,16,427.04938958883287,159.09194832202047,0.37253758511357,159.87924076349242,581.8319397296483,337.67613479613203,0.5803671330804818,449.59015434865415,1.25583815574646,1.169875979423523,0.08596217632293701
vp_00157,side,roboticshack/team9-pick_chicken_place_plate,roboticshack,76.62829925918774,510.1087036132813,595.5781891757542,16,444.4685956030711,118.63830532073973,0.2669216824183046,158.4601893278188,595.5781891757542,352.29282826435303,0.5915139853447529,427.1511840797365,1.0152946710586548,1.0745885372161865,-0.05929386615753174
vp_00158,side,roboticshack/team9-pick_chicken_place_plate,roboticshack,76.62829925918774,459.4342956542969,364.2550548932287,16,295.4424493875727,92.17797808110716,0.3119997761725586,137.53351073031547,364.25505489322865,493.98059520415205,1.3561393001055064,424.1432760532889,1.1535567045211792,0.9865822792053223,0.16697442531585693
vp_00159,side,roboticshack/team9-pick_chicken_place_plate,roboticshack,76.62829925918774,513.22314453125,383.2944912970226,16,317.6257197640836,129.44541625674816,0.40754072545663544,144.67012940646615,383.2944912970226,479.9136814750564,1.2520756034083194,388.47300365350515,1.2915161848068237,1.306286334991455,-0.014770150184631348
vp_00160,side,lirislab/sweep_tissue_cube,lirislab,85.82240037514103,387.509765625,123.60321927972367,16,213.1251647945866,141.9274164007604,0.6659345766929323,151.21678479325493,123.60321927972369,72.43454743040932,0.5860247641762331,79.9293549323731,1.3026533126831055,1.387930989265442,-0.08527767658233643
vp_00161,side,lirislab/sweep_tissue_cube,lirislab,85.82240037514103,438.837890625,113.76379552951389,16,215.47595821615315,120.56121126320213,0.5595111967976609,149.99997995672516,113.76379552951389,79.77616107125814,0.7012438421137283,76.8414973890947,1.1615142822265625,1.3120590448379517,-0.15054476261138916
vp_00162,side,lirislab/sweep_tissue_cube,lirislab,85.82240037514103,375.99609375,101.86848832014932,16,204.606924957633,116.36397058214989,0.5687196100800407,138.09974184436257,101.86848832014932,97.82259114240013,0.9602831332296387,91.2560900213619,1.333459734916687,1.3852201700210571,-0.05176043510437012
vp_00163,side,lirislab/sweep_tissue_cube,lirislab,85.82240037514103,426.62109375,135.3209239663018,16,231.36697997510436,123.82792249467226,0.5352013606585575,154.49161910392343,135.3209239663018,77.42119402541056,0.5721302497470251,97.88865958172548,1.4446815252304077,1.5041160583496094,-0.05943453311920166
vp_00164,side,lirislab/so100_demo,lirislab,86.18551938716652,299.2517852783203,90.3974631278886,16,161.26284740772098,99.20381982311606,0.6151684744328234,115.71961109254974,90.39746312788859,53.59509546877542,0.5928827382286116,86.51160615370208,1.1400028467178345,1.2818078994750977,-0.14180505275726318
vp_00165,side,lirislab/so100_demo,lirislab,86.18551938716652,302.2086181640625,138.60618457501732,16,203.8713073712215,67.4246274759993,0.3307215141996301,96.63955908089179,138.60618457501732,67.65714294983546,0.48812499353323957,79.90297965918117,1.3266288042068481,1.2922919988632202,0.03433680534362793
vp_00166,side,lirislab/so100_demo,lirislab,86.18551938716652,382.802734375,64.99742978031372,16,126.83159179314971,116.77589384164659,0.9207161416942261,98.73463973896577,64.99742978031372,86.49133393007915,1.3306885244706208,76.40895795931353,1.4460448026657104,1.479840874671936,-0.033796072006225586
vp_00167,side,lirislab/so100_demo,lirislab,86.18551938716652,340.56707763671875,48.36988271073234,16,126.42403546199202,82.50030377373099,0.6525681882531049,98.03842507486698,48.36988271073234,105.58400895029703,2.182846081714545,54.05376872600251,1.173749566078186,1.2557140588760376,-0.08196449279785156
